id,categoria,titulo,descricao,gatilho,exemplos,ids_origem,justificativa_fusao,fontes
ASLFD.SINTAXE.1,sintaxe,Ordem flexível de sujeito e verbo em frases simples,"Em ASL, o sujeito pode aparecer antes ou depois do verbo em frases simples, sem alterar o significado. Isso permite variações naturais na estrutura da frase, dependendo do foco ou do contexto. A ordem pode ser ajustada para enfatizar diferentes elementos da ação. Em frases declarativas simples, a ordem pode seguir o padrão sujeito-verbo-objeto, mas o verbo pode vir antes do sujeito quando o foco está na ação.","frase simples com sujeito e verbo, sem objetos diretos ou indiretos; frase declarativa com verbo principal",HE RAN ; RAN HIM ; SHE FELL ; FELL HER ; HOUSE YARD — BIG ; KITCHEN — WANT SEE ME ; COUCH LAMP PICTURES — NEED US,ASLFD.SINTAXE.001 ; ASLFD.SINTAXE.021 ; ASLFD.SINTAXE.030,,ASL for Dummies — Caps. 1-13 (gramática + vocabulário temático) p.106; ASL for Dummies — Caps. 1-13 (gramática + vocabulário temático) p.142; ASL for Dummies — Caps. 1-13 (gramática + vocabulário temático) p.37
ASLFD.SINTAXE.2,sintaxe,"Posicionamento do objeto direto em frases com sujeito, verbo e objeto direto","Em frases com sujeito, verbo e objeto direto, o objeto direto pode ser posicionado antes do sujeito ou após o verbo, dependendo do foco da mensagem. A ordem natural em inglês é mantida apenas quando há risco de ambiguidade. Essa flexibilidade permite ênfase e clareza contextual. Em frases com múltiplos objetos, os sinais são apresentados em sequência, sem separadores, e o verbo é colocado no final, com o sinal de necessidade ou desejo aplicado ao grupo.","frase com sujeito, verbo e objeto direto, especialmente quando a mudança de ordem não causa ambiguidade; frase com lista de objetos e verbo de necessidade ou desejo",HE SELLS FOOD ; FOOD HE SELLS ; ME EAT PIZZA ; PIZZA ME EAT ; COUCH LAMP PICTURES — NEED US ; SLEEP DREAM REST PRAY LAUGH VACATION — WANT,ASLFD.SINTAXE.002 ; ASLFD.SINTAXE.022,,ASL for Dummies — Caps. 1-13 (gramática + vocabulário temático) p.108; ASL for Dummies — Caps. 1-13 (gramática + vocabulário temático) p.38
ASLFD.SINTAXE.3,sintaxe,Posicionamento do objeto indireto em frases com dois objetos,"Em frases com objeto indireto, o objeto indireto é colocado imediatamente após o sujeito, seguido pelo verbo e pelo objeto direto, formando a sequência sujeito-objeto indireto-objeto direto-verb. Essa ordem é fixa e essencial para a clareza gramatical. Em descrições de localização, o padrão é: [Referente] [Localização] [Direção] [Nome da rua ou estrutura], com o sinal de localização (como 'THIRD RIGHT') vindo antes do nome da rua ou estrutura.","frase com sujeito, verbo, objeto indireto e objeto direto; frase que descreve a localização de um endereço ou ponto de referência",DOG BONE — GIRL — THROW ; ME TEACHER — APPLE GAVE ; RIGHT ON WEST DRIVE ; THE THIRD HOUSE ON THE RIGHT -> HOUSE - THIRD RIGHT - STREET - WEST - D-R ; THE GARAGE HAS A WINDOW -> GARAGE - WINDOW HAVE,ASLFD.SINTAXE.003 ; ASLFD.SINTAXE.016,,ASL for Dummies — Caps. 1-13 (gramática + vocabulário temático) p.40; ASL for Dummies — Caps. 1-13 (gramática + vocabulário temático) p.92
ASLFD.SINTAXE.4,sintaxe,Construção de frases condicionais com 'if',"Em ASL, frases condicionais são formadas com o sinal 'IF' seguido pelo condicionante, e o resultado da condição. O sinal 'IF' é acompanhado por sobrancelhas levantadas, mas as sobrancelhas retornam à posição normal após o sinal 'IF'.",Frase condicional iniciada com 'if' ou 'suppose' em inglês,IF BEER ORDER YOU — WINE ORDER ME ; IF YOU WANT TO GO — I WILL GO,ASLFD.SINTAXE.004,,ASL for Dummies — Caps. 1-13 (gramática + vocabulário temático) p.50
ASLFD.SINTAXE.5,sintaxe,Evitar verbos 'to be' em ASL,"Verbos como 'am', 'are', 'was', 'were', 'be', 'being', 'been' não são usados em ASL. Em vez disso, a estrutura ativa é usada, e a afirmação é confirmada com o sinal 'TRUE' no final da frase. Isso reflete a preferência por ações concretas e estados visíveis.",Quando se deseja fazer uma afirmação ou declarar um estado,"TRUE ; I AM HERE → (sem sinal de 'am', apenas 'I HERE TRUE')",ASLFD.SINTAXE.005,,ASL for Dummies — Caps. 1-13 (gramática + vocabulário temático) p.55
ASLFD.SINTAXE.6,sintaxe,Uso de 'SO FAR' para tempo longo,"O sinal 'SO FAR' é usado para indicar um período de tempo muito longo, especialmente em contextos de aniversários, experiências ou espera prolongada. Ele enfatiza a duração extensa de um evento ou estado.","Quando se fala de um tempo extenso, como em aniversários ou experiências duradouras",LONG TIME — SO FAR ; SO FAR — 50 YEARS,ASLFD.SINTAXE.006,,ASL for Dummies — Caps. 1-13 (gramática + vocabulário temático) p.47
ASLFD.SINTAXE.7,sintaxe,Posição do tempo no início da frase,"Em ASL, a expressão de tempo deve ser colocada o mais próximo possível do início da frase, antes do sujeito, para fornecer um contexto claro sobre quando o evento ocorreu. Isso ajuda na organização temporal da mensagem.","Frase que inclui informação de tempo (data, hora, dia, momento do dia)",7 P.M. — MY HOUSE — COME — CAN YOU — Q ; MORNING — I ARRIVE — LATE,ASLFD.SINTAXE.007,,ASL for Dummies — Caps. 1-13 (gramática + vocabulário temático) p.85
ASLFD.SINTAXE.8,sintaxe,Ordem de itens e quantidade em frases numéricas,"Para expressar pluralidade ou quantidade em ASL, o item é sinalizado primeiro, seguido pelo número, sem necessidade de mudar o item para forma plural. Essa estrutura é direta e não depende de flexão gramatical.",Frase que expressa quantidade de objetos ou pessoas,BOOK TWO ; CAR FOUR,ASLFD.SINTAXE.008,,ASL for Dummies — Caps. 1-13 (gramática + vocabulário temático) p.79
ASLFD.SINTAXE.9,sintaxe,Sinalização de números em telefone e códigos,"Números de telefone e códigos (como número de seguro social) são sinalizados com a palma da mão voltada para fora, em direção ao interlocutor. Essa orientação é padrão para comunicação de sequências numéricas. O sufixo do número de telefone pode ser sinalizado como quatro dígitos consecutivos ou em dois pares, sem necessidade de hífen. O sinal 'L-D' pode ser usado antes do número para indicar longa distância.","Comunicação de números de telefone, código de segurança ou endereço; fornecimento de número de telefone com possibilidade de erro ou necessidade de clareza","7 P.M. — MY HOUSE — COME — CAN YOU — Q ; AREA CODE — 555 — 1234 ; 1212 -> 1, 2, 1, 2 ou 12, 12 ; PHONE ME WHEN YOU ARRIVE -> THANKS — ARRIVE YOU — PHONE ME",ASLFD.SINTAXE.009 ; ASLFD.SINTAXE.027 ; ASLFD.SINTAXE.029,,ASL for Dummies — Caps. 1-13 (gramática + vocabulário temático) p.128; ASL for Dummies — Caps. 1-13 (gramática + vocabulário temático) p.129; ASL for Dummies — Caps. 1-13 (gramática + vocabulário temático) p.85
ASLFD.SINTAXE.10,sintaxe,Uso de parênteses em números,"É comum usar o sinal de parênteses (com o dedo indicador) antes de sinalizar um código de área, para tornar a informação mais clara. Isso ajuda a estruturar a leitura de números complexos.",Sinalização de número de telefone com código de área,PARENTHESIS — 555 — 1234,ASLFD.SINTAXE.010,,ASL for Dummies — Caps. 1-13 (gramática + vocabulário temático) p.85
ASLFD.SINTAXE.11,sintaxe,Fórmula para sinalizar horas,"Para sinalizar horas, primeiro toca-se o pulso (para indicar relógio) e depois sinaliza-se o número da hora, com a palma da mão voltada para fora. Essa sequência é padrão para expressar horas em ASL.",Expressão de hora em um relógio,WATCH — ONE O'CLOCK ; WATCH — TWO O'CLOCK,ASLFD.SINTAXE.011,,ASL for Dummies — Caps. 1-13 (gramática + vocabulário temático) p.85
ASLFD.SINTAXE.12,sintaxe,Fórmula para sinalizar minutos,"Minutos são sinalizados com dois sinais: primeiro toca-se o pulso (para indicar relógio) e depois sinaliza-se o número de minutos, com a palma da mão voltada para fora. Essa estrutura é consistente com a de horas.",Expressão de minutos em um relógio,WATCH — TWO MINUTES ; WATCH — TEN MINUTES,ASLFD.SINTAXE.012,,ASL for Dummies — Caps. 1-13 (gramática + vocabulário temático) p.86
ASLFD.SINTAXE.13,sintaxe,Fórmula para sinalizar segundos,"Como não há sinal específico para segundos, eles são expressos por soletração do termo 'S-E-C' após o número. Isso permite a comunicação precisa de intervalos curtos.",Expressão de segundos em uma frase,THREE S-E-C,ASLFD.SINTAXE.013,,ASL for Dummies — Caps. 1-13 (gramática + vocabulário temático) p.85
ASLFD.SINTAXE.14,sintaxe,Sinalização de meses do ano,"Meses do ano são sinalizados por soletração (fingerspell), com exceção de alguns que podem ser abreviados (Jan., Feb., etc.), mas é recomendado soletrar todos os meses até dominar o uso. Isso garante clareza e precisão.",Sinalização de data com mês,"J-A-N 22, 2022 ; N-O-V 17, 2022",ASLFD.SINTAXE.014,,ASL for Dummies — Caps. 1-13 (gramática + vocabulário temático) p.89
ASLFD.SINTAXE.15,sintaxe,Sinalização de números repetidos,"Quando dois números são iguais, a palma da mão é virada para baixo (em direção ao chão) e o número é sinalizado de um lado para o outro. Essa técnica é usada para representar números como 22, 11 ou 00.","Sinalização de um número repetido (ex: 22, 11, 00)",22 ; 00,ASLFD.SINTAXE.015,,ASL for Dummies — Caps. 1-13 (gramática + vocabulário temático) p.89
ASLFD.SINTAXE.16,sintaxe,Construção de perguntas com 'CAN' e 'Q',"Perguntas com 'CAN' são formadas colocando 'CAN' antes do sujeito e terminando com 'Q' (sinal de pergunta). O sujeito vem após 'CAN'. Em perguntas que envolvem 'what' ou 'where', o sinal do interrogativo vem no início da frase, seguido pelo sujeito e pelo verbo, com o sinal de 'Q' no final para indicar pergunta. O pronome 'you' é implícito quando o interlocutor já está presente.",Frase interrogativa com 'Can you...' ou 'Can I...' no início; frase com pergunta que começa com 'what' ou 'where' e envolve o interlocutor direto,DIRECTIONS - GIVE ME - CAN - Q ; UPSTAIRS - GO ME CAN Q ; MEAN — WHAT Q ; MOVING YOU — WHERE Q,ASLFD.SINTAXE.017 ; ASLFD.SINTAXE.023,,ASL for Dummies — Caps. 1-13 (gramática + vocabulário temático) p.121; ASL for Dummies — Caps. 1-13 (gramática + vocabulário temático) p.91
ASLFD.SINTAXE.17,sintaxe,Construção de perguntas com 'WHICH' para escolha,"Perguntas que envolvem escolha entre duas opções usam 'WHICH Q' no final, com o sujeito e os itens antecedendo o sinal de pergunta.",Frase interrogativa com 'Do you own your home or rent?',YOUR HOME - OWN - RENT WHICH Q,ASLFD.SINTAXE.018,,ASL for Dummies — Caps. 1-13 (gramática + vocabulário temático) p.96
ASLFD.SINTAXE.18,sintaxe,Construção de imperativos com 'DON'T' e 'THERE',"Imperativos negativos com 'Don't' são formados com 'DON'T' seguido pelo verbo, o local e 'THERE' para indicar o lugar onde a ação não deve ocorrer.",Frase imperativa negativa com 'Don't play in the living room',LIVING ROOM - PLAY THERE - DON'T,ASLFD.SINTAXE.019,,ASL for Dummies — Caps. 1-13 (gramática + vocabulário temático) p.102
ASLFD.SINTAXE.19,sintaxe,Construção de frases com 'SIT' e objeto,"Frase com verbo 'SIT' seguido diretamente pelo objeto (como 'couch') sem preposição, com o objeto vindo antes do verbo.",Frase com 'Sit on the couch' ou similar,COUCH - SIT,ASLFD.SINTAXE.020,,ASL for Dummies — Caps. 1-13 (gramática + vocabulário temático) p.105
ASLFD.SINTAXE.20,sintaxe,Respostas curtas com intensidade e modificador de tempo,"Respostas curtas podem incluir moduladores como 'SHORT' para indicar duração reduzida, e a intensidade do sinal pode reforçar o significado, como em 'I am only working briefly'.",Resposta afirmativa curta a uma pergunta sobre duração de atividade,YES — TWO HOURS — SHORT,ASLFD.SINTAXE.024,,ASL for Dummies — Caps. 1-13 (gramática + vocabulário temático) p.121
ASLFD.SINTAXE.21,sintaxe,Formação de parentesco com 'in-law' e 'half',"Para formar 'sister-in-law', o sinal 'law' é adicionado ao sinal 'sister'. Para 'half sibling', o sinal '½' (com palma voltada para o signer e movimento descendente) é usado antes do sinal 'brother' ou 'sister'.",Expressão de parentesco com 'in-law' ou 'half',NO — SISTER LAW — MINE ; HE IS MY HALF BROTHER -> MY 1-2 (as in ½) BROTHER — HIM (point),ASLFD.SINTAXE.025,,ASL for Dummies — Caps. 1-13 (gramática + vocabulário temático) p.126
ASLFD.SINTAXE.22,sintaxe,Formação de endereços com fingerspelling e sinais,"Endereços são sinalizados com o nome da rua em fingerspelling, seguido pelo número da casa, com a palma voltada para o interlocutor. O nome da cidade é sinalizado com o sinal ou fingerspelling, dependendo da popularidade.",Sinalização de endereço residencial,"171 Anywhere Lane, 98765. -> 1-7-1 A-N-Y-W-H-E-R-E L-A-N-E 9-8-7-6-5",ASLFD.SINTAXE.026,,ASL for Dummies — Caps. 1-13 (gramática + vocabulário temático) p.131
ASLFD.SINTAXE.23,sintaxe,Sinalização de profissões com acrônimos e sinais,"Nomes de empresas ou cargos com acrônimos são fingerspellados. Cargos como 'vice president' são sinalizados como 'V-P' ao lado da cabeça, independentemente do contexto.",Sinalização de cargo ou nome de empresa com acrônimo,VICE PRESIDENT -> V-P (by the side of the head),ASLFD.SINTAXE.028,,ASL for Dummies — Caps. 1-13 (gramática + vocabulário temático) p.134
ASLFD.SINTAXE.24,sintaxe,Ordem de direções: ponto de referência geral para específico,"Ao dar direções, comece com um ponto de referência familiar (como uma loja ou ponte), depois progrida de forma geral para específica (estado → cidade → bairro → rua → número).",Dando ou recebendo direções em ASL,STORE — MY HOUSE — WEST,ASLFD.SINTAXE.031,,ASL for Dummies — Caps. 1-13 (gramática + vocabulário temático) p.144
ASLFD.SINTAXE.25,sintaxe,Repetição de sinais para intensidade ou quantidade,"Para indicar repetição de um movimento (como virar duas vezes), o sinal é repetido. O corpo pode se mover ligeiramente entre as repetições para indicar mudança.","Expressão de repetição de ação ou movimento, especialmente em direções",RIGHT — RIGHT,ASLFD.SINTAXE.032,,ASL for Dummies — Caps. 1-13 (gramática + vocabulário temático) p.146
ASLFD.SINTAXE.26,sintaxe,Uso de 'straight' para direção e estado,O sinal 'STRAIGHT' usa a forma manual B e é movido diretamente à frente. O mesmo sinal pode significar 'sober' dependendo do contexto. Também é usado para indicar virar à esquerda ou direita.,Indicação de direção reta ou estado de sobriedade,STRAIGHT — TURN — DON’T,ASLFD.SINTAXE.033,,ASL for Dummies — Caps. 1-13 (gramática + vocabulário temático) p.147
ASLFD.SINTAXE.27,sintaxe,Uso de 'after' e 'before' em relações temporais,Os sinais 'AFTER' e 'BEFORE' são usados para indicar sequência temporal. São sinalizados com movimentos que indicam progressão ou antecedência no tempo.,Expressão de sequência temporal em direções ou eventos,TWO M-I-L-E-S FINISH — GO EAST,ASLFD.SINTAXE.034,,ASL for Dummies — Caps. 1-13 (gramática + vocabulário temático) p.150
ASLFD.SINTAXE.28,sintaxe,Uso de 'near' e 'far' para distância,Os sinais 'NEAR' e 'FAR' são usados para indicar proximidade ou distância de um local. São sinalizados com movimentos da mão que aproximam ou afastam do corpo.,Descrever distância entre dois pontos ou locais,CROSS STREET NEAR,ASLFD.SINTAXE.035,,ASL for Dummies — Caps. 1-13 (gramática + vocabulário temático) p.147
ASLFD.SINTAXE.29,sintaxe,Ordem de sinais em direções com landmark,"Em direções, os sinais de localização (landmarks) são posicionados antes do verbo de movimento, com o verbo de movimento no final da frase. O sinal de 'arrive' é usado para 'get to', e o sinal de 'there' pode indicar localização final.","Frase com direção que inclui um landmark (ex: lake, mountain, stop sign) e ação de chegada ou movimento",LAKE ARRIVE — RIGHT TURN ; MOUNTAIN BASE — SMALL STORE — THERE ; STOP SIGN ARRIVE — RIGHT,ASLFD.SINTAXE.036,,ASL for Dummies — Caps. 1-13 (gramática + vocabulário temático) p.152
ASLFD.SINTAXE.30,sintaxe,Ordem de sinais em frases de localização com 'near',"O sinal 'near' é usado após o local de referência e antes do objeto que está próximo, com a estrutura: [local] — [objeto] — NEAR.",Frase com 'near' indicando proximidade entre dois locais,HIGHWAY — GAS STATION — NEAR,ASLFD.SINTAXE.037,,ASL for Dummies — Caps. 1-13 (gramática + vocabulário temático) p.156
ASLFD.SINTAXE.31,sintaxe,Estrutura de frases com 'pass' em direções,"O sinal 'pass' é usado para indicar passagem por um local, seguido do nome do local e do verbo de movimento.",Frase com 'pass' seguido de um local (ex: park) e direção,P-A-R-K PASS — SOUTH THREE M-I-L-E-S GO,ASLFD.SINTAXE.038,,ASL for Dummies — Caps. 1-13 (gramática + vocabulário temático) p.155
ASLFD.SINTAXE.32,sintaxe,Uso de 'me' como objeto direto em frases de necessidade,"O pronome 'me' é usado como objeto direto em frases de necessidade, posicionado após o verbo e antes do objeto necessário.",Frase com 'I need' seguido de um objeto,PLEASE — FORK — KNIFE — SPOON — NEED ME ; THREE BOWLS — NEED ME,ASLFD.SINTAXE.039,,ASL for Dummies — Caps. 1-13 (gramática + vocabulário temático) p.165
ASLFD.SINTAXE.33,sintaxe,Estrutura de frases com 'but' para contraste,"O sinal 'but' é usado para introduzir uma contradição ou condição oposta, posicionado entre duas ideias principais.",Frase com 'but' conectando duas ações ou condições,PARTY GO — BUT HOME MIDNIGHT — MUST YOU,ASLFD.SINTAXE.040,,ASL for Dummies — Caps. 1-13 (gramática + vocabulário temático) p.159
ASLFD.SINTAXE.34,sintaxe,Ordem de objetos em frases de pedido,"Os itens desejados são sinalizados antes do verbo 'want' (QUERER), com o pronome 'me' no final da frase, formando a estrutura: [OBJETOS] — QUERER — ME. Essa estrutura é usada para expressar desejos ou necessidades, especialmente em contextos de pedidos.","Frase de pedido com 'I want...' em inglês, traduzida para ASL.",EGGS QUERER — CEREAL NÃO — ME ; CHEESEBURGER — FRIES — QUERER — ME ; FISH SANDWICH — WATER — QUERER — ME ; MY FISH — POTATO JUNTO — QUERER — ME,ASLFD.SINTAXE.042,,ASL for Dummies — Caps. 1-13 (gramática + vocabulário temático) p.169
ASLFD.SINTAXE.35,sintaxe,Uso de 'now' e 'noon' para indicar tempo presente,"O sinal 'NOW' ou 'NOON' é usado no início da frase para indicar o tempo presente, especialmente em contextos de refeições, e é seguido por 'FOOD' para especificar a refeição.","Frase que indica o momento atual de uma refeição, como 'It's time for lunch.'",AGORA TEMPO — NOON FOOD — HUNGRY ME ; NOON FOOD — SANDWICH — SALAD — QUERER ME,ASLFD.SINTAXE.043,,ASL for Dummies — Caps. 1-13 (gramática + vocabulário temático) p.172
ASLFD.SINTAXE.36,sintaxe,Uso de 'what' para indicar promoção ou especial,A palavra 'SPECIAL' é seguida por 'WHAT' para indicar que algo está em promoção ou é especial no cardápio.,Frase que indica que um item está em promoção ou é especial.,SPECIAL — WHAT — CHICKEN — SPAGHETTI,ASLFD.SINTAXE.044,,ASL for Dummies — Caps. 1-13 (gramática + vocabulário temático) p.178
ASLFD.SINTAXE.37,sintaxe,Uso de 'together' para indicar combinação de alimentos,"O sinal 'TOGETHER' é usado para indicar que dois alimentos são consumidos juntos, especialmente em frases de pedido.","Quando se quer expressar que dois alimentos são consumidos juntos, como um acompanhamento.",MY FISH — POTATO TOGETHER — WANT ME,ASLFD.SINTAXE.045,,ASL for Dummies — Caps. 1-13 (gramática + vocabulário temático) p.179
ASLFD.SINTAXE.38,sintaxe,Ordem de sinais em frases de comida e bebida,"Em frases sobre alimentos e bebidas, o padrão de ordem é: [objeto] — [atributo ou estado] — [ação ou verbo], com o sujeito geralmente implícito ou indicado por pronomes. O verbo 'EAT' ou 'DRINK' é frequentemente omitido quando o contexto é claro.","Frase sobre consumo de comida ou bebida, com objeto e atributo explícitos",TOSTADA — CHEAP ; COLD BEER ; WATER — WARM ; GLASS RED WINE,ASLFD.SINTAXE.046,,ASL for Dummies — Caps. 1-13 (gramática + vocabulário temático) p.183
ASLFD.SINTAXE.39,sintaxe,Construção de perguntas com 'WHAT' no início,"Perguntas com 'WHAT' são formadas colocando 'WHAT' no início da frase, seguido do verbo ou ação, com a entonação facial de pergunta. O sujeito é geralmente implícito.",Frase interrogativa com 'o que' como elemento central,DRINK — WANT WHAT Q,ASLFD.SINTAXE.047,,ASL for Dummies — Caps. 1-13 (gramática + vocabulário temático) p.186
ASLFD.SINTAXE.40,sintaxe,Frase de ação com 'GO' e 'FINISH' para passado,"Para indicar ações passadas, especialmente em contextos de locais, o sinal 'FINISH' é usado antes do local, seguido do verbo 'GO' e do sujeito. Isso indica que a ação foi concluída.",Frase sobre ir a um local no passado,FINISH — MEAT STORE — GO ME,ASLFD.SINTAXE.048,,ASL for Dummies — Caps. 1-13 (gramática + vocabulário temático) p.187
ASLFD.SINTAXE.41,sintaxe,Construção de frases com 'TODAY' e 'SALE' para promoções,"Para indicar promoções ou ofertas do dia, o sinal 'TODAY' é colocado no início da frase, seguido do objeto e do sinal 'SALE', formando uma estrutura direta e concisa.",Frase sobre produto em promoção no dia,TODAY — MEAT — SALE,ASLFD.SINTAXE.049,,ASL for Dummies — Caps. 1-13 (gramática + vocabulário temático) p.189
ASLFD.SINTAXE.42,sintaxe,Frase de preço com 'TWO' e 'ONLY ONE',"Para expressar promoções como 'dois por um', o sinal 'TWO' é seguido por 'PAY' e 'ONLY ONE', indicando que o pagamento é feito apenas por um item.",Frase com oferta de dois itens por preço de um,TWO STEAKS — PAY — ONLY ONE,ASLFD.SINTAXE.050,,ASL for Dummies — Caps. 1-13 (gramática + vocabulário temático) p.190
ASLFD.SINTAXE.43,sintaxe,Frase de economia com 'FINISH' e 'SAVE' ou 'SPEND',"Para indicar que algo foi economizado ou gasto, o sinal 'FINISH' é usado no início da frase, seguido do verbo 'SAVE' ou 'SPEND' e do pronome 'ME' ou 'YOU', com o sujeito implícito.",Frase sobre economia ou gasto de dinheiro,FINISH — MONEY — SAVE ME ; FINISH — SPEND — (you is implied) TOO MUCH,ASLFD.SINTAXE.051,,ASL for Dummies — Caps. 1-13 (gramática + vocabulário temático) p.190
ASLFD.SINTAXE.44,sintaxe,Frase de posse com 'YOURS' no final,"Para perguntar sobre posse, o sinal 'GLOVES' é seguido por 'YOURS Q', com a pergunta indicada pela entonação facial. O pronome 'YOURS' é colocado no final da frase.",Frase interrogativa sobre posse de objeto,GLOVES YOURS Q,ASLFD.SINTAXE.052,,ASL for Dummies — Caps. 1-13 (gramática + vocabulário temático) p.192
ASLFD.SINTAXE.45,sintaxe,Frase de comando com 'YOUR' e 'WEAR',"Para dar ordens ou instruções sobre vestimenta, o sinal 'YOUR' é seguido pelo sinal 'WEAR', com o objeto no meio. O sujeito é implícito.",Frase de instrução para usar roupas,YOUR COAT WEAR,ASLFD.SINTAXE.053,,ASL for Dummies — Caps. 1-13 (gramática + vocabulário temático) p.193
ASLFD.SINTAXE.46,sintaxe,Frase de atributo com objeto e adjetivo em sequência,"Para indicar características de objetos, como cor ou estado, o objeto é seguido diretamente pelo adjetivo, sem preposição. A estrutura é [objeto] — [adjetivo].","Frase com atributo de objeto (cor, temperatura, estado)",SCARF WHITE ; WATER WARM,ASLFD.SINTAXE.054,,ASL for Dummies — Caps. 1-13 (gramática + vocabulário temático) p.195
ASLFD.SINTAXE.47,sintaxe,Ordem de elementos em frases de descrição,"Em frases que descrevem objetos, a estrutura é: [REFERENTE] — [CARACTERÍSTICA(S)]. O referente é sinalizado primeiro, seguido pela característica, com o sinal de '—' indicando a ligação semântica.","Quando se descreve um objeto com atributos, como cor, material ou estado.",YOUR DRESS — PRETTY ; HER BLOUSE — NICE,ASLFD.SINTAXE.055,,ASL for Dummies — Caps. 1-13 (gramática + vocabulário temático) p.198
ASLFD.SINTAXE.48,sintaxe,Estrutura de frases condicionais com 'if',"Frase condicional com 'if' é estruturada como: [IF + condição] — [resultado]. A condição vem antes do sinal de '—', seguida pelo resultado, com o sujeito do resultado sinalizado após o '—'.",Quando se usa 'if' para expressar uma condição que influencia um resultado.,IF PANTS WEAR — HIGH HEELS WEAR NOT ; IF BLOUSE YOU WEAR — TIE ME WEAR,ASLFD.SINTAXE.056,,ASL for Dummies — Caps. 1-13 (gramática + vocabulário temático) p.198
ASLFD.SINTAXE.49,sintaxe,Estrutura de perguntas com 'where' e 'when',"Perguntas com 'where' ou 'when' são formadas com o sinal do objeto ou ação seguido por 'WHERE Q' ou 'WHEN Q', onde 'Q' indica a pergunta. O sinal 'Q' é usado para marcar a intenção interrogativa.",Quando se faz uma pergunta sobre localização ou tempo.,MY SWEATER — WHERE Q ; T-SHIRT SHOP — OPEN — WHEN Q,ASLFD.SINTAXE.057,,ASL for Dummies — Caps. 1-13 (gramática + vocabulário temático) p.199
ASLFD.SINTAXE.50,sintaxe,Estrutura de desejos com 'want',"A estrutura para expressar desejo é: [objeto] — [THAT (one)] — [WANT ME], onde 'THAT (one)' indica o objeto desejado e 'WANT ME' expressa o desejo do falante.",Quando se expressa desejo por um objeto específico.,SKIRT — THAT (one) — WANT ME,ASLFD.SINTAXE.058,,ASL for Dummies — Caps. 1-13 (gramática + vocabulário temático) p.201
ASLFD.SINTAXE.51,sintaxe,Estrutura de preferência com 'like',"Para expressar preferência, o sujeito é sinalizado primeiro, seguido por 'LIKE ME' ou 'LIKE YOU', dependendo do sujeito. O objeto é sinalizado antes do verbo.",Quando se expressa preferência por um objeto.,LEATHER PANTS — LIKE ME ; BLACK SLACKS — YOU LIKE Q,ASLFD.SINTAXE.059,,ASL for Dummies — Caps. 1-13 (gramática + vocabulário temático) p.210
ASLFD.SINTAXE.52,sintaxe,Uso do sinal 'FINISH' para indicar conclusão,"O sinal 'FINISH' é usado antes de descrever um evento passado, especialmente quando se fala de algo que já aconteceu, como vestir uma roupa. Serve como marcador de tempo passado.","Quando se descreve uma ação passada, como vestir uma roupa.",FINISH — HE WEAR SHIRT — YELLOW COTTON ; FINISH — HER PURSE — BLACK LEATHER,ASLFD.SINTAXE.060,,ASL for Dummies — Caps. 1-13 (gramática + vocabulário temático) p.208
ASLFD.SINTAXE.53,sintaxe,Ordem de sinais em frases de pagamento,"Em frases sobre pagamento, o sinal de pagamento (PAY) vem após o sinal do método de pagamento, com o sujeito indicado por pronomes ou referência espacial. O tempo verbal é indicado por sinais como FINISH para passado.","Frase que descreve um pagamento com método específico (ex: cartão de crédito, dinheiro)",I’ll pay with my credit card. -> CREDIT (outline card) — PAY WILL ME ; She wrote a $50 check. -> FINISH — CHECK 5-0 DOLLARS — WRITE HER,ASLFD.SINTAXE.061,,ASL for Dummies — Caps. 1-13 (gramática + vocabulário temático) p.212
ASLFD.SINTAXE.54,sintaxe,Construção de superlativos com 'top' ou 'worst',"Para indicar superlativo, após o adjetivo base (ex: cheap, expensive, warm, ugly), adiciona-se o sinal TOP para o maior grau ou WORST para o menor grau.",Frase que compara um item como o melhor ou pior em relação a outros,His coat is the warmest. -> HIS COAT — WARM — TOP ; Your shoes are the ugliest. -> YOUR SHOES — UGLY — WORST,ASLFD.SINTAXE.062,,ASL for Dummies — Caps. 1-13 (gramática + vocabulário temático) p.218
ASLFD.SINTAXE.55,sintaxe,Comparação com 'better' após adjetivo,"Para expressar comparação entre dois itens, após o adjetivo base (ex: cheap, expensive), adiciona-se o sinal BETTER para indicar superioridade relativa.",Frase que compara dois itens com 'better than',The red shirt is better than the green one. -> RED SHIRT — GREEN SHIRT — RED BETTER,ASLFD.SINTAXE.063,,ASL for Dummies — Caps. 1-13 (gramática + vocabulário temático) p.217
ASLFD.SINTAXE.56,sintaxe,Uso de 'if' para condição com estrutura direta,"A estrutura condicional 'if' é sinalizada com o sinal IF seguido pelo verbo principal e o sujeito, sem inversão, mantendo a ordem natural da frase.","Frase com condição 'if' (ex: If I buy blouses, I’ll need pants)","If I buy blouses, I’ll need pants. -> IF BLOUSES BUY — PANTS NEED ME",ASLFD.SINTAXE.066,,ASL for Dummies — Caps. 1-13 (gramática + vocabulário temático) p.215
ASLFD.SINTAXE.57,sintaxe,Uso de 'finish' para indicar conclusão de evento,"O sinal FINISH é usado para indicar que um evento foi concluído, especialmente em contextos de agendamento ou planejamento.",Frase que descreve um evento que foi cancelado ou encerrado,The event was cancelled. -> FINISH — EVENT — CANCEL,ASLFD.SINTAXE.067,,ASL for Dummies — Caps. 1-13 (gramática + vocabulário temático) p.222
ASLFD.SINTAXE.58,sintaxe,Ordem de sinais em frases com tempo e evento,"Em frases que indicam um evento futuro ou condicional, o sinal de tempo (como 'next Saturday') vem antes do sinal do evento principal, seguido do verbo ou ação. O tempo é expresso antes do evento, não após.","Frase com tempo futuro ou condicional (ex: 'next Saturday', 'if')",YES — NEXT WEEK — SATURDAY — GO FUNNY MOVIE — MAYBE ; IF MOVIE O-C — ME GO,ASLFD.SINTAXE.069,,ASL for Dummies — Caps. 1-13 (gramática + vocabulário temático) p.233
ASLFD.SINTAXE.59,sintaxe,Construção de frases com 'finish' para ação concluída,"O sinal 'FINISH' é usado como marcador de ação concluída antes de um verbo ou objeto, indicando que a ação já foi realizada. É comum em frases que descrevem experiências passadas.","Frase que descreve uma ação já realizada (ex: 'We saw...', 'We went to...')",FINISH — NEW MYSTERY — SEE US ; FINISH — PHOTOGRAPHY EXHIBIT SEE,ASLFD.SINTAXE.070,,ASL for Dummies — Caps. 1-13 (gramática + vocabulário temático) p.227
ASLFD.SINTAXE.60,sintaxe,Construção de perguntas com 'Q' no final,"Perguntas são marcadas com o sinal 'Q' no final da frase, especialmente em perguntas diretas. O sinal 'Q' é usado para indicar que a frase é uma pergunta, mesmo sem mudança de expressão facial.","Frase que é uma pergunta direta (ex: 'Is that the manager?', 'When is payday?')",MOVIE — GO WANT Q ; MANAGER — HIM (point) Q ; PAYDAY — WHEN Q,ASLFD.SINTAXE.071,,ASL for Dummies — Caps. 1-13 (gramática + vocabulário temático) p.233
ASLFD.SINTAXE.61,sintaxe,Construção de frases com 'during' e 'when' para tempo,"O sinal 'DURING' é usado para indicar um período de tempo durante o qual uma ação ocorre, seguido do verbo. O sinal 'WHEN' é usado em perguntas sobre tempo, geralmente no início da frase.","Frase com tempo específico (ex: 'during intermission', 'when is payday?')",DURING INTERMISSION — LEAVE ME ; PAYDAY — WHEN Q,ASLFD.SINTAXE.072,,ASL for Dummies — Caps. 1-13 (gramática + vocabulário temático) p.229
ASLFD.SINTAXE.62,sintaxe,Construção de frases com 'light' e 'lights' para estado de iluminação,"O sinal 'LIGHTS OUT' é usado para indicar que as luzes foram apagadas. O sinal 'LIGHTS' é usado com movimento de 'flick' (duplo clique) sob o queixo para indicar luzes acesas ou apagadas, dependendo do contexto.",Frase sobre estado de luzes em teatro ou ambiente,"LIGHTS OUT — TALKING STOP ; You sign light with a double flick, using your index finger and thumb under your chin and then mimicking the action of screwing in or taking out a light bulb.",ASLFD.SINTAXE.073,,ASL for Dummies — Caps. 1-13 (gramática + vocabulário temático) p.228
ASLFD.SINTAXE.63,sintaxe,Construção de frases com 'museum' e 'open',"O sinal 'MUSEUM' é usado com o sinal 'OPEN' para indicar que o museu está aberto. A ordem é 'MUSEUM — OPEN', sem necessidade de verbo adicional.",Frase sobre o estado de abertura de um museu,The museum is open. Sign: MUSEUM — OPEN,ASLFD.SINTAXE.074,,ASL for Dummies — Caps. 1-13 (gramática + vocabulário temático) p.231
ASLFD.SINTAXE.64,sintaxe,Construção de frases com 'boss' e 'have' para posse,"A posse é expressa com o sinal 'HAVE' seguido do possuidor. O sinal 'BOSS' é usado como sujeito, e 'MINE' é usado para indicar posse do objeto.",Frase sobre posse de um documento ou objeto por alguém (ex: 'The boss has my time sheet'),TIME SHEET MINE — BOSS HAVE,ASLFD.SINTAXE.075,,ASL for Dummies — Caps. 1-13 (gramática + vocabulário temático) p.238
ASLFD.SINTAXE.65,sintaxe,Construção de frases com 'write down' e 'me will' para intenção futura,"A intenção futura é expressa com o sinal 'ME WILL' no final da frase, após o verbo. O sinal 'WRITE DOWN' é usado para indicar anotação ou registro.",Frase com intenção de anotar algo no futuro (ex: 'I'll write it down'),SCHEDULE — WRITE DOWN — ME WILL ; WRITE DOWN — TOO — ME WILL,ASLFD.SINTAXE.076,,ASL for Dummies — Caps. 1-13 (gramática + vocabulário temático) p.234
ASLFD.SINTAXE.66,sintaxe,Construção de frases com 'terminate' e 'H-R' para demissão,A demissão é expressa com o sinal 'TERMINATE' seguido do sujeito. 'H-R' é usado como abreviação de 'Human Resources' e é fingerspelled.,Frase sobre demissão por parte da empresa ou RH,H-R TERMINATE HER,ASLFD.SINTAXE.077,,ASL for Dummies — Caps. 1-13 (gramática + vocabulário temático) p.238
ASLFD.SINTAXE.67,sintaxe,Construção de frases com 'true' para afirmação,"A afirmação é marcada com o sinal 'TRUE' no final da frase, especialmente em respostas afirmativas. É usado para reforçar a validade de uma informação.",Frase que confirma algo (ex: 'She is a good boss'),D-E-E — GOOD BOSS — TRUE (affirmation),ASLFD.SINTAXE.078,,ASL for Dummies — Caps. 1-13 (gramática + vocabulário temático) p.239
ASLFD.SINTAXE.68,sintaxe,Ordem de sinais em frases de ação com sujeito e verbo,"O sujeito do verbo é sinalizado antes do verbo, e o verbo é sinalizado com movimento direto para o espaço, sem necessidade de pronomes explícitos quando o sujeito já foi introduzido.","Frase com verbo de ação e sujeito definido, como 'We're going on a picnic.'",PICNIC GO US — COME YOU Q ; HIKING — US GO,ASLFD.SINTAXE.079,,ASL for Dummies — Caps. 1-13 (gramática + vocabulário temático) p.256
ASLFD.SINTAXE.69,sintaxe,Ordem de sinais em frases com tempo e localização,"Sinais de tempo (como 'today', 'now night') e localização (como 'outside') são colocados no início da frase, seguidos pelos sinais de estado ou condição.","Frase que inclui tempo ou localização como elemento de contexto, como 'It’s dark and windy this evening.'",NOW NIGHT — DARK WINDY ; OUTSIDE SUNNY,ASLFD.SINTAXE.080,,ASL for Dummies — Caps. 1-13 (gramática + vocabulário temático) p.268
ASLFD.SINTAXE.70,sintaxe,Construção de frases com múltiplos elementos de estado,"Quando há mais de um estado ou condição (como clima), os sinais são colocados em sequência direta, sem conectores, com o movimento natural do sinal indicando a relação.","Frase com múltiplos sinais de condição climática, como 'There is thunder and lightning outside.'",OUTSIDE — THUNDER LIGHTNING,ASLFD.SINTAXE.081,,ASL for Dummies — Caps. 1-13 (gramática + vocabulário temático) p.268
ASLFD.SINTAXE.71,sintaxe,Uso de sinais de tempo e localização no início da frase,"Sinais de tempo (como 'today', 'now night') e localização (como 'outside') são posicionados no início da frase para estabelecer o contexto imediatamente.","Frase que inclui um elemento de tempo ou localização como parte do contexto inicial, como 'It is cloudy today.'",TODAY — CLOUDY,ASLFD.SINTAXE.082,,ASL for Dummies — Caps. 1-13 (gramática + vocabulário temático) p.267
ASLFD.SINTAXE.72,sintaxe,Construção de frases com foco no corpo,"Quando descrever uma condição física ou sensação corporal, o sinal do corpo parte é colocado no início da frase, seguido pelo sinal de estado ou sintoma, com a estrutura: [CORPO] — [SINTOMA].","Frase que descreve uma condição física ou sensação corporal, como dor, rigidez ou alteração visual.",My throat is red -> MY THROAT — RED ; My neck is stiff -> MY NECK — STIFF ; Dizzy me — stomach hurts -> DIZZY ME — STOMACH HURTS,ASLFD.SINTAXE.083,,ASL for Dummies — Caps. 1-13 (gramática + vocabulário temático) p.289
ASLFD.SINTAXE.73,sintaxe,Construção de frases com obrigação ou necessidade,"A estrutura para expressar obrigação ou necessidade é: [VERBO DE MOVIMENTO] — [SUJEITO] — [MUST] ou [WILL], com o sujeito indicado por pronominação espacial ou sinal de pessoa.","Frase que expressa necessidade ou intenção de ir a um lugar, especialmente em contexto de emergência.",You need to get to the hospital -> HOSPITAL — GO — MUST YOU ; We’ll go to the ER -> E-R — GO US — WILL,ASLFD.SINTAXE.084,,ASL for Dummies — Caps. 1-13 (gramática + vocabulário temático) p.291
ASLFD.SINTAXE.74,sintaxe,Ordem de palavras em frases simples,"A ordem dos sinais em frases simples geralmente segue o padrão Tópico-Comentário, onde o tópico é apresentado primeiro, seguido pelo comentário. O tópico pode ser um substantivo, uma frase ou uma informação já conhecida, e o comentário fornece nova informação sobre o tópico.",em frases declarativas simples com tópico definido ou já conhecido,THIS	CHAIR	(point)	—	PLEASE	—	SIT ; YES	—	SOON	—	CHRISTMAS	GIFTS	—	START	BUYING	—	WANT	ME,ASLFD.SINTAXE.085,,ASL for Dummies — Caps. 1-13 (gramática + vocabulário temático) p.29
ASLFD.SINTAXE.75,sintaxe,Introduções com nome completo,"Em introduções, o nome completo (primeiro e último nome) deve ser sinalizado como uma sequência de sinais, com o nome próprio fingerspellado após o sinal de 'ME' para indicar posse ou identificação. O uso de 'ME' após o nome é obrigatório para manter a cortesia e clareza.","Durante apresentações ou introduções em ASL, quando alguém está se apresentando","Hi, I'm Dee. -> HI — D-E-E ME ; I'm Cameron. -> C-A-M-E-R-O-N ME",ASLFD.SINTAXE.086,,ASL for Dummies — Caps. 1-13 (gramática + vocabulário temático) p.62
ASLFD.SINTAXE.76,sintaxe,Uso de 'TOO' para concordância de sujeito,"O sinal 'TOO' é usado para indicar que o sujeito também está incluído na ação ou sentimento expresso, geralmente posicionado após o sujeito ou em estruturas de concordância. É uma forma natural de expressar inclusão em ASL.",Quando alguém concorda com uma afirmação ou sentimento expresso por outro,"Me, too. -> ME TOO ; Nice to meet you, too. -> NICE MEET TOO",ASLFD.SINTAXE.087,,ASL for Dummies — Caps. 1-13 (gramática + vocabulário temático) p.65
ASLFD.SINTAXE.77,sintaxe,Uso de 'WHERE' para localização em viagens,"O sinal 'WHERE' é usado para indicar o destino ou local de uma ação, especialmente em frases sobre viagens ou deslocamentos. É posicionado antes dos nomes de locais para indicar o foco da ação.",Quando se menciona destinos em uma viagem ou deslocamento,"We’re going to Texas, California, and Colorado. -> US TRAVEL WHERE — TEXAS CALIFORNIA COLORADO",ASLFD.SINTAXE.088,,ASL for Dummies — Caps. 1-13 (gramática + vocabulário temático) p.71
ASLFD.SINTAXE.78,sintaxe,Uso de 'TRUE' para concordância afirmativa,"O sinal 'TRUE' é usado para concordar com uma afirmação anterior, especialmente em respostas curtas. É mais natural que 'YES' em contextos de confirmação direta.",Quando se confirma uma afirmação feita por outra pessoa,"Yes, and no sales. -> TRUE — DISCOUNTS NONE",ASLFD.SINTAXE.089,,ASL for Dummies — Caps. 1-13 (gramática + vocabulário temático) p.64
ASLFD.SINTAXE.79,sintaxe,Uso de 'BEAUTIFUL' para expressar admiração,"O sinal 'BEAUTIFUL' é usado para expressar admiração ou apreciação visual, especialmente em contextos de paisagens ou experiências estéticas. É frequentemente usado com locais ou objetos naturais.",Quando se expressa surpresa ou apreciação por algo visualmente atraente,The trees are beautiful in Japan. -> JAPAN — TREES — BEAUTIFUL,ASLFD.SINTAXE.090,,ASL for Dummies — Caps. 1-13 (gramática + vocabulário temático) p.74
ASLFD.SINTAXE.80,sintaxe,Uso de 'HIGH' para intensidade de altura,"O sinal 'HIGH' é usado para indicar grandeza ou intensidade em termos de altura, especialmente em descrições de montanhas ou estruturas. É uma forma natural de expressar escala em ASL.",Quando se descreve a altura de montanhas ou estruturas naturais,The mountains are so high. -> MOUNTAINS HIGH,ASLFD.SINTAXE.091,,ASL for Dummies — Caps. 1-13 (gramática + vocabulário temático) p.75
ASLFD.SINTAXE.81,sintaxe,Uso de 'MANY' para quantidade,"O sinal 'MANY' é usado para indicar grande quantidade, especialmente em frases que descrevem abundância de algo. É mais natural que 'LOTS' em contextos de descrição de quantidade.","Quando se descreve a abundância de algo, como rios, pessoas ou objetos",There are so many rivers. -> RIVERS — MANY,ASLFD.SINTAXE.092,,ASL for Dummies — Caps. 1-13 (gramática + vocabulário temático) p.75
ASLFD.SINTAXE.82,sintaxe,"Ordem de sinais em frases com sujeito, verbo e objeto","O sujeito geralmente vem antes do verbo, e o objeto vem após o verbo. Em frases com pronomes, o pronome sujeito pode ser omitido se já estiver claro no contexto, mas o verbo ainda segue a ordem padrão.","Frase com sujeito, verbo e objeto em contexto de trabalho ou lazer",The business is closed. -> BUSINESS CLOSED ; The soccer game was good. -> SOCCER GAME GOOD ; He can box and wrestle. -> BOX WRESTLE BOTH CAN HIM,ASLFD.SINTAXE.093,,ASL for Dummies — Caps. 1-13 (gramática + vocabulário temático) p.246
ASLFD.SINTAXE.83,sintaxe,Construção de perguntas com 'Q' no final,"Perguntas são formadas colocando o sinal 'Q' no final da frase, após o sinal principal, indicando que a frase é interrogativa.",Frase com intenção de perguntar,Where is the stapler? -> STAPLER WHERE Q ; Do we have enough paper? -> PAPER ENOUGH HAVE Q ; What's the score? -> SCORE WHAT Q,ASLFD.SINTAXE.094,,ASL for Dummies — Caps. 1-13 (gramática + vocabulário temático) p.243
ASLFD.SINTAXE.84,sintaxe,Construção de perguntas com 'Q' após o sujeito,"Em perguntas com sujeito, o sinal 'Q' é colocado após o pronome sujeito, indicando a interrogação.",Frase interrogativa com sujeito pronome,Are you going to the conference? -> CONFERENCE GO YOU Q ; Where do you work? -> WORK YOU WHERE Q,ASLFD.SINTAXE.095,,ASL for Dummies — Caps. 1-13 (gramática + vocabulário temático) p.245
ASLFD.SINTAXE.85,sintaxe,Construção de frases condicionais com 'IF' e 'ME' para 'também',"Frase condicional com 'IF' seguida do verbo e sujeito, e 'ME' usado para indicar 'também' ou 'eu também'.",Frase com condição e expressão de participação mútua,"If you trade stocks, I will, too. -> IF TRADE YOU ME SAME ; If you play soccer, you can't play basketball. -> IF SOCCER PLAY YOU BASKETBALL PLAY YOU CAN'T",ASLFD.SINTAXE.096,,ASL for Dummies — Caps. 1-13 (gramática + vocabulário temático) p.245
ASLFD.SINTAXE.86,sintaxe,Construção de frases com 'both' para indicar múltiplas ações,O sinal 'BOTH' é usado para indicar que duas ações ou habilidades são possíveis ou realizadas simultaneamente.,Frase com duas ações ou habilidades realizadas por uma pessoa,He can box and wrestle. -> BOX WRESTLE BOTH CAN HIM ; She can swim and run. -> SWIM RUN BOTH CAN HER,ASLFD.SINTAXE.097,,ASL for Dummies — Caps. 1-13 (gramática + vocabulário temático) p.251
ASLFD.SINTAXE.87,sintaxe,Construção de frases com 'can't' para negação de possibilidade,"A negação de possibilidade é indicada com o sinal 'CAN’T' no final da frase, após o verbo e o sujeito.",Frase com impossibilidade de realizar duas ações simultaneamente,"If you play soccer, you can't play basketball. -> IF SOCCER PLAY YOU BASKETBALL PLAY YOU CAN'T ; You can't go and stay. -> GO STAY CAN'T",ASLFD.SINTAXE.098,,ASL for Dummies — Caps. 1-13 (gramática + vocabulário temático) p.251
ASLFD.SINTAXE.88,sintaxe,Construção de frases com 'good' como adjetivo final,"O adjetivo 'good' é colocado no final da frase, após o substantivo, para descrever o estado ou qualidade do objeto.",Frase com avaliação positiva de um evento ou objeto,The soccer game was good. -> SOCCER GAME GOOD ; The meeting was good. -> MEETING GOOD,ASLFD.SINTAXE.099,,ASL for Dummies — Caps. 1-13 (gramática + vocabulário temático) p.251
ASLFD.SINTAXE.89,sintaxe,Construção de frases com 'upstairs' como localização,O sinal 'UPSTAIRS' é usado no final da frase para indicar localização no andar superior.,Frase com localização de reunião ou evento no andar superior,The managers meeting is upstairs. -> MANAGERS MEETING UPSTAIRS ; The office is upstairs. -> OFFICE UPSTAIRS,ASLFD.SINTAXE.100,,ASL for Dummies — Caps. 1-13 (gramática + vocabulário temático) p.245
ASLFD.SINTAXE.90,sintaxe,Construção de frases com 'player' usando o sinal do esporte + 'AGENT',"Para indicar que alguém é jogador de um esporte, o sinal do esporte é seguido pelo sinal 'AGENT' para indicar o agente.",Frase com pessoa que pratica um esporte,He’s a football player. -> FOOTBALL PLAY HIM ; She’s a golfer. -> GOLF AGENT,ASLFD.SINTAXE.101,,ASL for Dummies — Caps. 1-13 (gramática + vocabulário temático) p.252
ASLFD.SINTAXE.91,sintaxe,Construção de frases com 'versus' usando o sinal de 'challenge',"O sinal para 'versus' é o mesmo que o sinal para 'challenge', usado para indicar confronto entre dois lados.",Frase com confronto entre dois times ou pessoas,The game is team A versus team B. -> TEAM A CHALLENGE TEAM B ; It's me versus you. -> ME CHALLENGE YOU,ASLFD.SINTAXE.104,,ASL for Dummies — Caps. 1-13 (gramática + vocabulário temático) p.250
ASLFD.SINTAXE.92,sintaxe,Construção de frases com 'team' como sujeito,"O sinal 'TEAM' é usado como sujeito em frases, geralmente seguido por verbo e complemento.",Frase com equipe como sujeito,Our team won the race. -> OUR TEAM RACE WON ; The team is strong. -> TEAM STRONG,ASLFD.SINTAXE.105,,ASL for Dummies — Caps. 1-13 (gramática + vocabulário temático) p.252
ASLFD.SINTAXE.93,sintaxe,Construção de frases com 'tied' ou 'even' usando 'TIE/EVEN',O sinal 'TIE/EVEN' é usado para indicar empate em competição.,Frase com empate em jogo ou competição,The game ended in a tie. -> GAME TIE ; It's even. -> EVEN,ASLFD.SINTAXE.106,,ASL for Dummies — Caps. 1-13 (gramática + vocabulário temático) p.249
ASLFD.SINTAXE.94,sintaxe,Construção de frases com 'closed' para negação de abertura,O sinal 'CLOSED' é usado para indicar que um local ou serviço não está aberto.,Frase com local fechado,The business is closed. -> BUSINESS CLOSED ; The office is closed. -> OFFICE CLOSED,ASLFD.SINTAXE.107,,ASL for Dummies — Caps. 1-13 (gramática + vocabulário temático) p.246
ASLFD.SINTAXE.95,sintaxe,Construção de frases com 'discuss' para reunião,O sinal 'DISCUSS' é usado para indicar uma reunião ou conversa formal.,Frase com reunião ou discussão,We need to discuss this. -> DISCUSS THIS ; The meeting is about discussion. -> MEETING DISCUSS,ASLFD.SINTAXE.108,,ASL for Dummies — Caps. 1-13 (gramática + vocabulário temático) p.244
ASLFD.SINTAXE.96,sintaxe,Construção de frases com 'promotion' para avanço profissional,O sinal 'PROMOTION' é usado para indicar promoção no trabalho.,Frase com avanço de cargo,She got a promotion. -> SHE PROMOTION ; He was promoted. -> HE PROMOTION,ASLFD.SINTAXE.109,,ASL for Dummies — Caps. 1-13 (gramática + vocabulário temático) p.244
ASLFD.SINTAXE.97,sintaxe,Construção de frases com 'trading' para negociação de ações,O sinal 'TRADING' é usado para indicar compra e venda de ações.,Frase com negociação de ações,He is trading stocks. -> HE TRADING STOCKS ; Trading is risky. -> TRADING RISKY,ASLFD.SINTAXE.110,,ASL for Dummies — Caps. 1-13 (gramática + vocabulário temático) p.244
ASLFD.SINTAXE.98,sintaxe,Construção de frases com 'work' como verbo ou substantivo,"O sinal 'WORK' é usado tanto como verbo quanto como substantivo, dependendo do contexto.",Frase com trabalho como atividade ou ocupação,I work every day. -> WORK EVERY DAY ; Work is important. -> WORK IMPORTANT,ASLFD.SINTAXE.111,,ASL for Dummies — Caps. 1-13 (gramática + vocabulário temático) p.244
ASLFD.SINTAXE.99,sintaxe,Construção de frases com 'closed down' para tela de computador,O sinal 'CLOSED DOWN' é usado para indicar que a tela do computador está fechada.,Frase com tela de computador fechada,The computer is closed down. -> COMPUTER CLOSED DOWN ; The screen is closed down. -> SCREEN CLOSED DOWN,ASLFD.SINTAXE.112,,ASL for Dummies — Caps. 1-13 (gramática + vocabulário temático) p.244
ASLFD.SINTAXE.100,sintaxe,Construção de frases com 'business' como local ou atividade,O sinal 'BUSINESS' é usado para indicar um local de trabalho ou atividade comercial.,Frase com empresa ou negócio,The business is open. -> BUSINESS OPEN ; I work in business. -> WORK BUSINESS,ASLFD.SINTAXE.113,,ASL for Dummies — Caps. 1-13 (gramática + vocabulário temático) p.244
ASLFD.SINTAXE.101,sintaxe,Ordem de elementos em frases com tempo futuro,"Em frases com tempo futuro, o sinal de tempo (como TOMORROW) é posicionado antes do verbo principal, seguido pelo sujeito e pelo verbo. O sujeito é indicado por um pronome de pessoa (ME, YOU, HIM, HER) ou por um sinal de referência no espaço.","Frase com tempo futuro expresso por palavras como 'tomorrow', 'next week', ou 'will' em inglês",I’ll go swimming tomorrow. -> TOMORROW — SWIM ME ; I’ll stay home and read. -> NO — HOME STAY — READ,ASLFD.SINTAXE.114,,ASL for Dummies — Caps. 1-13 (gramática + vocabulário temático) p.271
ASLFD.SINTAXE.102,sintaxe,Ordem de objetos e ações em frases de ação,"Em frases com ações, o objeto é sinalizado antes do verbo, seguido do sujeito. O verbo é sinalizado com movimento direto e claro, sem necessidade de sinal de sujeito explícito se já estiver no contexto.",Frase com ação e objeto em inglês (ex: 'sit in the wheelchair'),Sit in the wheelchair. -> WHEELCHAIR — SIT,ASLFD.SINTAXE.115,,ASL for Dummies — Caps. 1-13 (gramática + vocabulário temático) p.283
ASLFD.SINTAXE.103,sintaxe,Uso de 'your' como possessivo em ASL,O sinal 'YOUR' é usado para indicar posse e é sinalizado com o dedo indicador apontando para o interlocutor. É colocado antes do substantivo que é possuído.,Frase com 'your' em inglês,I need to check your blood pressure. -> YOUR — BLOOD PRESSURE — CHECK — ME — MUST,ASLFD.SINTAXE.116,,ASL for Dummies — Caps. 1-13 (gramática + vocabulário temático) p.279
ASLFD.SINTAXE.104,sintaxe,Uso de 'has' com sujeito e objeto,"O verbo 'has' é sinalizado com o sujeito antes do verbo, seguido do objeto. O sinal 'HAS' é feito com a mão dominante em forma de C, movendo-se para frente com leve pressão.",Frase com 'has' em inglês,She has an infection. -> INFECTION — HAS — HER,ASLFD.SINTAXE.117,,ASL for Dummies — Caps. 1-13 (gramática + vocabulário temático) p.283
ASLFD.SINTAXE.105,sintaxe,Uso de 'have' com sujeito e objeto,"O verbo 'have' é sinalizado com o sujeito antes do verbo, seguido do objeto. O sinal 'HAVE' é feito com a mão dominante em forma de C, movendo-se para frente com leve pressão.",Frase com 'have' em inglês,You have a sprain. -> SPRAIN — HAVE — YOU,ASLFD.SINTAXE.118,,ASL for Dummies — Caps. 1-13 (gramática + vocabulário temático) p.284
ASLFD.TEMPO-ASPECTO.1,tempo-aspecto,Indicação de passado com 'FINISH',"O sinal 'FINISH' é usado no início da frase para indicar que uma ação foi concluída no passado, com movimento no nível do peito ou acima, dependendo da intensidade. É acompanhado pela pronúncia de 'fish' (abreviação de 'finish') e marca claramente o tempo passado em frases que descrevem ações concluídas.",Frase que descreve uma ação concluída no passado,FINISH HE GO — WILL ; FINISH — EVENT — CANCEL,ASLFD.TEMPO-ASPECTO.001 ; ASLFD.TEMPO-ASPECTO.006,"Ambas as candidatas descrevem o uso do sinal 'FINISH' no início da frase para indicar a conclusão de uma ação no passado, com variações apenas na descrição e nos exemplos.",ASL for Dummies — Caps. 1-13 (gramática + vocabulário temático) p.222; ASL for Dummies — Caps. 1-13 (gramática + vocabulário temático) p.34
ASLFD.TEMPO-ASPECTO.2,tempo-aspecto,Indicação de futuro com 'WILL',"O sinal 'WILL' é usado para indicar futuro, podendo ser posicionado no final da frase ou antes do verbo principal. A distância do corpo ao qual o sinal é feito indica o grau de proximidade ou distância no tempo: quanto mais longe, mais distante no futuro. É uma marcação clara de tempo futuro em ASL.",Frase que descreve uma ação futura planejada ou um plano,HE GO — WILL ; MY HOUSE — M-I-K-E — WALK — WILL ; US TRAVEL WHERE — TEXAS CALIFORNIA COLORADO ; B-U-D-D-Y (point) ME — TRAVEL — WILL,ASLFD.TEMPO-ASPECTO.002 ; ASLFD.TEMPO-ASPECTO.008,"Ambas as candidatas descrevem o uso do sinal 'WILL' para indicar futuro, com variações na posição (início ou final da frase) e na explicação do uso da distância corporal para indicar proximidade no tempo.",ASL for Dummies — Caps. 1-13 (gramática + vocabulário temático) p.34; ASL for Dummies — Caps. 1-13 (gramática + vocabulário temático) p.70
ASLFD.TEMPO-ASPECTO.3,tempo-aspecto,Expressão de estado permanente com 'OWN' e 'GREAT',"A combinação de 'OWN' com 'GREAT' expressa um estado de posse duradouro e positivo, indicando que algo é valioso e pertence à pessoa de forma permanente, sem necessidade de tempo específico. É usada em contextos de posse com valor emocional ou material.",Frase sobre posse de algo com valor emocional ou material,HOUSE — OWN GREAT — RENT NOT,ASLFD.TEMPO-ASPECTO.004,,ASL for Dummies — Caps. 1-13 (gramática + vocabulário temático) p.108
ASLFD.TEMPO-ASPECTO.4,tempo-aspecto,Uso de 'R-A-R-E' para indicar cozedura rara,"Para indicar que uma carne está mal passada, usa-se a datilologia para 'R-A-R-E', sem sacudir a mão, para evitar confusão com 'restroom' ou 'right'. É um sinal específico para pedidos em restaurantes.",Quando se quer pedir uma carne mal passada em um restaurante,STEAK — R-A-R-E,ASLFD.TEMPO-ASPECTO.005,,ASL for Dummies — Caps. 1-13 (gramática + vocabulário temático) p.177
ASLFD.TEMPO-ASPECTO.5,tempo-aspecto,Uso de 'HERE' para indicar presença,"O sinal 'HERE' é usado para indicar que alguém ou algo está presente no momento. É sinalizado com o dedo indicador apontando para o local onde a pessoa está, e é comum em frases como 'The doctor is in'.",Frase com 'is in' ou 'is here' em inglês,DOCTOR HERE,ASLFD.TEMPO-ASPECTO.009,,ASL for Dummies — Caps. 1-13 (gramática + vocabulário temático) p.275
ASLFD.MORFOLOGIA.1,morfologia,Ordem de adjetivos e advérbios em relação ao termo modificado,"Em ASL, adjetivos e advérbios são geralmente colocados após o substantivo ou verbo que modificam, diferentemente do inglês, onde podem vir antes ou depois. Essa posição fixa é uma característica fundamental da morfologia e sintaxe do idioma.",frase com adjetivo ou advérbio que modifica um substantivo ou verbo,SMALL PLANES ; FLY ; LIKE ME ; PRETTY GIRL ; BAD MOVIE ; HER DRESS — BLUE WHITE ; HER PURSE — BLACK LEATHER,ASLFD.MORFOLOGIA.001 ; ASLFD.MORFOLOGIA.012,,ASL for Dummies — Caps. 1-13 (gramática + vocabulário temático) p.207; ASL for Dummies — Caps. 1-13 (gramática + vocabulário temático) p.32
ASLFD.MORFOLOGIA.2,morfologia,Formação de números de 11 a 19,"Números de 11 a 19 são formados com o número base (1-9) seguido do número 10, com a palma da mão voltada para o interlocutor. Essa estrutura é consistente e baseada na combinação de elementos numéricos.",sinalização de números entre 11 e 19,ELEVEN ; TWELVE,ASLFD.MORFOLOGIA.004,,ASL for Dummies — Caps. 1-13 (gramática + vocabulário temático) p.80
ASLFD.MORFOLOGIA.3,morfologia,Formação de dezenas e centenas,"Números de dezenas (30, 40, etc.) são formados com o número base (3, 4, 5, etc.) seguido do sinal para '0'. Números de centenas (600, 700, etc.) são formados com o número base seguido do sinal para 'hundred'. Essa estrutura é baseada na combinação de elementos numéricos e morfologia de múltiplos.",sinalização de números múltiplos de 10 ou 100,THIRTY ; SIX HUNDRED,ASLFD.MORFOLOGIA.005,,ASL for Dummies — Caps. 1-13 (gramática + vocabulário temático) p.83
ASLFD.MORFOLOGIA.4,morfologia,Formação de números ordinais,"Para indicar números ordinais (primeiro, segundo, terceiro), o sinal do número é feito com um movimento de torção do pulso para dentro. Esse movimento é uma marca morfológica distintiva que diferencia o ordinal do cardinal.",expressão de ordem ou posição em uma sequência,FIRST ; SECOND ; THIRD,ASLFD.MORFOLOGIA.006,,ASL for Dummies — Caps. 1-13 (gramática + vocabulário temático) p.84
ASLFD.MORFOLOGIA.5,morfologia,Uso de abreviações por datilologia para nomes de imóveis e objetos,"Para palavras como 'condo' e 'apartment', usa-se a abreviação por datilologia (fingerspelling) para evitar ambiguidade. Isso é uma convenção fixa em ASL para termos comuns que não têm um sinal direto ou são específicos.",frase que menciona 'condo' ou 'apartment',"To sign condo, you fingerspell C-O-N-D-O ; To sign apartment, you use the abbreviation and fingerspell just A-P-T",ASLFD.MORFOLOGIA.007,,ASL for Dummies — Caps. 1-13 (gramática + vocabulário temático) p.96
ASLFD.MORFOLOGIA.6,morfologia,Uso de datilologia para alimentos com nomes compostos,"Alimentos com nomes compostos, como 'French fries' ou 'pizza', são sinalizados usando a alfabetização manual (datilologia) para partes do nome, especialmente quando o sinal não é intuitivo ou não existe. Isso é uma estratégia comum para palavras com significado não direto.",quando o nome do alimento é composto e não tem um sinal direto ou não é intuitivo,French fries -> F (repetido de um lado a outro) ; Pizza -> Z (com dedos dobrados),ASLFD.MORFOLOGIA.009,,ASL for Dummies — Caps. 1-13 (gramática + vocabulário temático) p.172
ASLFD.MORFOLOGIA.7,morfologia,Uso de abreviações com letras manuais para bebidas,Bebidas comuns como 'orange juice' são sinalizadas com as letras iniciais 'O' e 'J' em vez de sinalizar o nome completo. Essa abreviação é uma convenção fixa em ASL para facilitar a comunicação de termos frequentes.,quando se sinaliza uma bebida comum que tem uma abreviação comum em ASL,Orange juice -> O-J,ASLFD.MORFOLOGIA.010,,ASL for Dummies — Caps. 1-13 (gramática + vocabulário temático) p.169
ASLFD.MORFOLOGIA.8,morfologia,Formação de sinais compostos com sinais base,"Sinais compostos são formados pela combinação direta de dois ou mais sinais base, sem necessidade de modificação morfológica. A ordem dos sinais no composto segue a estrutura do significado, com o primeiro sinal geralmente indicando o tipo ou categoria e o segundo o objeto específico. Isso inclui objetos, roupas e itens com design específico.","quando se forma um sinal composto para roupas ou objetos, como 'T-SHIRT' ou 'SUNGLASSES'",T-SHIRT -> T SHIRT ; SUNGLASSES -> SUN GLASSES ; M-A-L-L — RIDE — WANT YOU Q ; YES — SOON — CHRISTMAS GIFTS — START BUYING — WANT ME,ASLFD.MORFOLOGIA.011 ; ASLFD.MORFOLOGIA.017,,ASL for Dummies — Caps. 1-13 (gramática + vocabulário temático) p.196; ASL for Dummies — Caps. 1-13 (gramática + vocabulário temático) p.27
ASLFD.MORFOLOGIA.9,morfologia,Uso de dedilhado para itens específicos,"Itens como 'men’s swimming trunks' são fingerspellados, especialmente quando se refere a marcas ou tipos específicos. Isso é uma convenção fixa para evitar ambiguidade e garantir clareza na comunicação.",quando se menciona 'men’s swimming trunks' ou itens com design específico,men’s swimming trunks -> J-O-H-N-S,ASLFD.MORFOLOGIA.013,,ASL for Dummies — Caps. 1-13 (gramática + vocabulário temático) p.204
ASLFD.MORFOLOGIA.10,morfologia,Formação de 'time period' com movimento circular do sinal 'T',O sinal 'TIME' é usado para indicar 'time period' ou 'era' quando feito com movimento circular da mão ativa sobre a mão passiva. O sinal 'T' manual é usado com esse movimento específico para expressar períodos históricos ou eras.,"frase que descreve um período histórico ou era (ex: 'in the 1920s', 'time period')",You sign time periods by signing the manual T in a circular motion with your active hand on your passive hand. This means time period or era.,ASLFD.MORFOLOGIA.014,,ASL for Dummies — Caps. 1-13 (gramática + vocabulário temático) p.231
ASLFD.MORFOLOGIA.11,morfologia,Formação de 'photography' com movimento de 'double click',"O sinal 'PHOTOGRAPHY' é feito com um movimento de 'double click' (duplo clique) com a mão, simbolizando o ato de tirar uma foto. Um único clique significa apenas 'to take a picture'. Esse movimento é uma marca morfológica distintiva que diferencia os dois sinais.",frase sobre fotografia ou tirar fotos,You sign photography by mimicking taking a picture. Make sure that you give it a double click because a single click means 'to take a picture.',ASLFD.MORFOLOGIA.015,,ASL for Dummies — Caps. 1-13 (gramática + vocabulário temático) p.231
ASLFD.MORFOLOGIA.12,morfologia,Uso de palavras abreviadas com dedilhado,"Palavras abreviadas como LA, SF, BK, BR são formadas por dedilhado completo antes da abreviação, para evitar ambiguidade. Isso garante clareza, pois letras isoladas podem ter significados diferentes.",quando se usa abreviações de nomes próprios ou marcas,L-A ; B-R,ASLFD.MORFOLOGIA.018,,ASL for Dummies — Caps. 1-13 (gramática + vocabulário temático) p.22
ASLFD.MORFOLOGIA.13,morfologia,Uso de dedilhado para palavras com significado gestual,"Palavras como 'okay' podem ser dedilhadas (O-K) ou expressas com o sinal da mão F, que é um gesto comum. Isso mostra que gestos e dedilhado são usados alternativamente para palavras com significado claro, dependendo do contexto.",quando se comunica uma palavra com um gesto reconhecível,O-K ; F handshape,ASLFD.MORFOLOGIA.019,,ASL for Dummies — Caps. 1-13 (gramática + vocabulário temático) p.21
ASLFD.MORFOLOGIA.14,morfologia,Uso de dedilhado para nomes próprios e palavras desconhecidas,"O dedilhado é usado para nomes próprios e palavras desconhecidas, especialmente por iniciantes. É uma prática comum e aceitável para garantir clareza. Quando se dedilha mais de uma palavra em sequência, como em títulos ou nomes completos, é necessário fazer uma pausa de um segundo entre cada palavra para evitar confusão.",quando não se conhece o sinal de uma palavra ou nome; quando se dedilha mais de uma palavra em sequência,P-H-I-L-L-I-P ; M-A-L-L ; P-H-I-L-L-I-P,ASLFD.MORFOLOGIA.020 ; ASLFD.MORFOLOGIA.021,"Ambas as candidatas tratam do uso do dedilhado para palavras desconhecidas ou nomes próprios, com a segunda adicionando a regra de pausa entre palavras dedilhadas, que é uma extensão direta do mesmo fenômeno.",ASL for Dummies — Caps. 1-13 (gramática + vocabulário temático) p.19
ASLFD.MORFOLOGIA.15,morfologia,Uso de sinais para conceitos abreviados,"Conceitos como a.m. e p.m. são sinalizados como 'morning' e 'evening', respectivamente, em vez de serem dedilhados. Isso mostra que certos conceitos têm sinais específicos em vez de serem representados por letras.",quando se expressa horários como a.m. ou p.m.,morning ; evening,ASLFD.MORFOLOGIA.023,,ASL for Dummies — Caps. 1-13 (gramática + vocabulário temático) p.21
ASLFD.EXPRESSOES-IDIOMATICAS.1,expressoes-idiomaticas,OH/I SEE WHAT,"Expressão usada como exclamação única para indicar surpresa, compreensão repentina ou incredulidade. É formada pela datilologia 'W-T' (What?) e usada apenas como uma palavra isolada.","situação de surpresa, compreensão súbita ou dúvida",WHAT,ASLFD.EXPRESSOES-IDIOMATICAS.001,,ASL for Dummies — Caps. 1-13 (gramática + vocabulário temático) p.45
ASLFD.EXPRESSOES-IDIOMATICAS.2,expressoes-idiomaticas,OH I SEE WHY,Expressão usada para indicar compreensão imediata de uma razão ou motivação. É usada quando alguém entende o porquê de uma ação ou decisão.,"Após uma explicação ou justificativa, quando se entende a razão",OH I SEE WHY — Q ; OH I SEE WHY — YES,ASLFD.EXPRESSOES-IDIOMATICAS.003,,ASL for Dummies — Caps. 1-13 (gramática + vocabulário temático) p.48
ASLFD.EXPRESSOES-IDIOMATICAS.3,expressoes-idiomaticas,WOW,"Expressão usada para mostrar surpresa, admiração ou entusiasmo diante de algo significativo ou emocionante.","Quando algo surpreendente ou importante é mencionado, como aniversários, conquistas ou eventos especiais",ANNIVERSARY — 50 YEARS — US — WOW ; WOW — THAT’S A LONG TIME! ; WOW — SEEMS FUN,ASLFD.EXPRESSOES-IDIOMATICAS.004 ; ASLFD.EXPRESSOES-IDIOMATICAS.022,"Ambas as expressões usam 'WOW' como ponto inicial para reagir com entusiasmo ou surpresa positiva, sendo usadas em contextos semelhantes de reação a algo atraente ou emocionante.",ASL for Dummies — Caps. 1-13 (gramática + vocabulário temático) p.46; ASL for Dummies — Caps. 1-13 (gramática + vocabulário temático) p.71
ASLFD.EXPRESSOES-IDIOMATICAS.4,expressoes-idiomaticas,WHAT’S UP?,"Gíria informal usada como saudação, equivalente a 'Oi' ou 'Tudo bem?'. É comum em contextos casuais e entre amigos.","Início de conversa informal, especialmente com pessoas conhecidas ou em ambientes descontraídos",WHAT’S_UP ; WHAT’S UP? — SIGN YOU Q,ASLFD.EXPRESSOES-IDIOMATICAS.005,,ASL for Dummies — Caps. 1-13 (gramática + vocabulário temático) p.56
ASLFD.EXPRESSOES-IDIOMATICAS.5,expressoes-idiomaticas,What an interesting job,"Expressão usada para elogiar ou demonstrar interesse em um cargo ou trabalho. Traduz-se literalmente como 'JOB INTERESTING TRUE', indicando que o trabalho é verdadeiramente interessante.",Ao ouvir ou comentar sobre um trabalho ou cargo que parece fascinante ou incomum,English: What an interesting job. -> Sign: JOB — INTERESTING — TRUE,ASLFD.EXPRESSOES-IDIOMATICAS.009,,ASL for Dummies — Caps. 1-13 (gramática + vocabulário temático) p.137
ASLFD.EXPRESSOES-IDIOMATICAS.6,expressoes-idiomaticas,EITHER/FINE como resposta a 'which one?',"Quando alguém pergunta 'which one?' em um contexto de escolha, 'EITHER' seguido de 'FINE' é uma resposta idiomática que significa 'qualquer um é bom'.",Resposta a uma pergunta 'which one?' com escolha entre duas opções,EITHER FINE,ASLFD.EXPRESSOES-IDIOMATICAS.010,,ASL for Dummies — Caps. 1-13 (gramática + vocabulário temático) p.161
ASLFD.EXPRESSOES-IDIOMATICAS.7,expressoes-idiomaticas,TWO FOR THE PRICE OF ONE,"Expressão idiomática usada para indicar promoção de dois itens por um preço. O sinal 'TWO' é seguido por 'PAY' e 'ONLY ONE', com a estrutura direta e sem preposição.",Oferta de dois itens por preço de um,TWO STEAKS — PAY — ONLY ONE,ASLFD.EXPRESSOES-IDIOMATICAS.014,,ASL for Dummies — Caps. 1-13 (gramática + vocabulário temático) p.190
ASLFD.EXPRESSOES-IDIOMATICAS.8,expressoes-idiomaticas,Sinalizar 'Speedos' como 'panties',"Quando se refere a 'Speedos' (biquínis masculinos), o sinal é feito como 'panties', não como 'swimsuit' ou 'trunks'. Isso é uma convenção fixa para esse tipo específico de roupa.",Quando se fala de 'Speedos' em contexto de roupas de banho masculinas.,Speedos -> PANTIES,ASLFD.EXPRESSOES-IDIOMATICAS.015,,ASL for Dummies — Caps. 1-13 (gramática + vocabulário temático) p.204
ASLFD.EXPRESSOES-IDIOMATICAS.9,expressoes-idiomaticas,Indicação de 'bargain' com 'cheap' + 'top',"Para indicar que algo é o melhor negócio (bargain), sinaliza-se 'cheap' seguido de 'top', mesmo que o item não seja necessariamente barato, mas sim o mais vantajoso.",Situação de comparação de preços onde se busca o melhor valor,This item is the best bargain. -> CHEAP — TOP,ASLFD.EXPRESSOES-IDIOMATICAS.016,,ASL for Dummies — Caps. 1-13 (gramática + vocabulário temático) p.217
ASLFD.EXPRESSOES-IDIOMATICAS.10,expressoes-idiomaticas,Pintar a cidade de vermelho,"Expressão idiomática que significa sair para se divertir, especialmente à noite, em grupo. É usada para descrever uma noite de lazer intensa ou social.","Frase sobre sair à noite com amigos, especialmente em contexto de diversão ou festa",Deaf people enjoy their social bonds and can paint the town red with the best of them.,ASLFD.EXPRESSOES-IDIOMATICAS.017,,ASL for Dummies — Caps. 1-13 (gramática + vocabulário temático) p.232
ASLFD.EXPRESSOES-IDIOMATICAS.11,expressoes-idiomaticas,as right as rain,"Expressão idiomática que significa estar em perfeitas condições ou tudo certo, usada para indicar que algo está funcionando bem ou está no seu estado ideal.","Frase que descreve um estado de segurança ou correção, especialmente em contextos de previsão ou preparação, como 'you’ll be as right as rain.'",you’ll be as right as rain,ASLFD.EXPRESSOES-IDIOMATICAS.018,,ASL for Dummies — Caps. 1-13 (gramática + vocabulário temático) p.264
ASLFD.PRONOMES.1,pronomes,Pronomes pessoais como sujeito com indicação de localização,"Pronomes pessoais (ME, YOU, HIM, HER, US) são usados como sujeito da frase e são sinalizados antes do verbo, com o sinal feito com o dedo indicador apontando para o próprio corpo (ME), para o interlocutor (YOU), ou para a localização correspondente à pessoa referida (HIM, HER, US). Isso é comum em frases com sujeito pessoal em inglês, como 'I', 'you', 'he', 'she', 'we'.","Frase com sujeito pessoal em inglês (I, you, he, she, we)",I’ll stay home and read. -> NO — HOME STAY — READ ; He needs an injection. -> INJECTION — NEED — HIM ; SCHEDULE — WRITE DOWN — ME WILL ; WRITE DOWN — TOO — ME WILL ; RICH HIM ; GOLD HAVE THEM,ASLFD.PRONOMES.004 ; ASLFD.PRONOMES.015 ; ASLFD.PRONOMES.010,"Todas descrevem o uso de pronomes pessoais como sujeito com indicação de localização no espaço visual, com sinal feito com o dedo indicador apontando para o referente.",ASL for Dummies — Caps. 1-13 (gramática + vocabulário temático) p.142; ASL for Dummies — Caps. 1-13 (gramática + vocabulário temático) p.234; ASL for Dummies — Caps. 1-13 (gramática + vocabulário temático) p.279
ASLFD.PRONOMES.2,pronomes,Uso de 'ME' para posse ou desejo no final da frase,"O pronome 'ME' é colocado no final da frase para indicar que a ação ou objeto se refere ao próprio sinalizador, especialmente em frases de desejo, posse ou intenção. Isso ocorre em contextos como 'I want...' ou 'I'd like...' e também em frases de planejamento ou ações pessoais.","Frase com 'I want...', 'I'd like...', ou intenção de fazer algo (ex: 'I'll write it down', 'I want to go')","I want eggs, not cereal. -> EGGS WANT — CEREAL NOT — ME ; I'd like a potato with my fish. -> MY FISH — POTATO TOGETHER — WANT ME ; SCHEDULE — WRITE DOWN — ME WILL ; WRITE DOWN — TOO — ME WILL",ASLFD.PRONOMES.006 ; ASLFD.PRONOMES.010,"Ambas descrevem o uso do pronome 'ME' no final da frase para indicar posse ou desejo do signador, especialmente em contextos de intenção ou planejamento.",ASL for Dummies — Caps. 1-13 (gramática + vocabulário temático) p.169; ASL for Dummies — Caps. 1-13 (gramática + vocabulário temático) p.234
ASLFD.PRONOMES.3,pronomes,Uso de 'MY SISTER' como referente com posse,"Em ASL, pronomes como 'my sister' são usados com o sinal do possuidor seguido do nome ou referente. O sinal 'MY' é feito com a mão na posição do peito, seguido pelo sinal do referente. Isso é usado quando se faz referência a uma pessoa próxima com vínculo familiar.",Quando se faz referência a uma pessoa próxima com vínculo familiar,MY SISTER — DEAF ; MY BROTHER — STUDENT,ASLFD.PRONOMES.001,,ASL for Dummies — Caps. 1-13 (gramática + vocabulário temático) p.60
ASLFD.PRONOMES.4,pronomes,Uso de 'you' como objeto em frases de necessidade,O pronome 'you' é usado como objeto direto em frases de necessidade quando o sujeito é 'you' e o verbo é 'need'. O sinal 'YOU' é colocado antes do verbo para indicar o objeto da ação.,Frase com 'You need' seguido de um objeto,MOTORCYCLE HELMET — NEED YOU,ASLFD.PRONOMES.005,,ASL for Dummies — Caps. 1-13 (gramática + vocabulário temático) p.158
ASLFD.PRONOMES.5,pronomes,Uso de pronomes em perguntas com 'you' e 'me',"Em perguntas diretas, o pronome 'you' é sinalizado antes do verbo, e 'me' é sinalizado antes do verbo quando é o objeto. O pronome 'you' é implícito quando o interlocutor é o foco da conversa.",Pergunta direta com 'you' ou 'me' como sujeito ou objeto,May I join you? -> YOU — ME Q ; Is she your sister? -> (point) HER — SISTER — YOURS Q,ASLFD.PRONOMES.003,,ASL for Dummies — Caps. 1-13 (gramática + vocabulário temático) p.122
ASLFD.PRONOMES.6,pronomes,Uso de 'ME' após nome fingerspellado para identificação,"O sinal 'ME' é usado após o nome fingerspellado para indicar que o nome pertence ao sinalizador, funcionando como um pronome possessivo em contextos de apresentação. É essencial para clareza e cortesia.",Após fingerspellar um nome em contexto de apresentação,C-A-M-E-R-O-N ME ; D-E-E ME,ASLFD.PRONOMES.013,,ASL for Dummies — Caps. 1-13 (gramática + vocabulário temático) p.62
ASLFD.PRONOMES.7,pronomes,Uso de pronomes para sujeito em frases de pagamento,"O sujeito de uma frase de pagamento é indicado por pronomes como ME, HER, YOURS, que aparecem após o sinal do método de pagamento. Isso é usado em frases como 'I’ll pay' ou 'She wrote'.","Frase de pagamento com sujeito específico (ex: I’ll pay, She wrote)",I’ll pay with my credit card. -> CREDIT (outline card) — PAY WILL ME ; She wrote a $50 check. -> FINISH — CHECK 5-0 DOLLARS — WRITE HER,ASLFD.PRONOMES.008,,ASL for Dummies — Caps. 1-13 (gramática + vocabulário temático) p.212
ASLFD.PRONOMES.8,pronomes,Uso de 'yours' para posse em frases de pagamento,"O pronome YOURS é usado para indicar posse no contexto de pagamento, substituindo 'your' em frases como 'use your card'. O sinal 'YOURS' é usado para indicar que o objeto pertence ao interlocutor ou a uma terceira pessoa.",Frase que envolve uso de um objeto de posse em transação,Use your credit card. -> CREDIT (outline card) — YOURS USE,ASLFD.PRONOMES.009,,ASL for Dummies — Caps. 1-13 (gramática + vocabulário temático) p.215
ASLFD.VERBOS.1,verbos,Uso do verbo 'FINISH' para indicar conclusão ou passado,"O sinal 'FINISH' é usado para indicar o término de uma ação ou evento, e também pode ser colocado no início de uma frase para marcar o tempo passado, indicando que a ação já foi concluída. É usado em contextos de interrupção, frustração, ou para expressar que algo acabou.","Quando se quer interromper uma ação, expressar frustração, ou indicar que uma ação foi concluída no passado",FINISH ; STOP THAT — FINISH ; FINISH — SHOOTING STAR — SEE— Q ; FINISH — SOUP — BREAD — SERVE,ASLFD.VERBOS.001 ; ASLFD.VERBOS.011 ; ASLFD.VERBOS.007,,ASL for Dummies — Caps. 1-13 (gramática + vocabulário temático) p.178; ASL for Dummies — Caps. 1-13 (gramática + vocabulário temático) p.264; ASL for Dummies — Caps. 1-13 (gramática + vocabulário temático) p.49
ASLFD.VERBOS.2,verbos,"Uso do verbo 'HAVE' para posse, existência e eventos","O verbo 'HAVE' é usado em ASL para indicar posse, existência de algo em um local, ou eventos que aconteceram com um objeto, como acidentes. O sujeito é seguido por 'HAVE' e o objeto, com estrutura direta.","Frase que indica que algo existe, pertence a um lugar, ou que um evento (como acidente) aconteceu com um objeto",THE GARAGE - WINDOW HAVE ; THE KITCHEN - HOT ; FINISH — CAR — ACCIDENT — HAVE,ASLFD.VERBOS.002 ; ASLFD.VERBOS.006,,ASL for Dummies — Caps. 1-13 (gramática + vocabulário temático) p.158; ASL for Dummies — Caps. 1-13 (gramática + vocabulário temático) p.97
ASLFD.VERBOS.3,verbos,Uso de 'arrive' em vez de 'get to' para indicar chegada,"O verbo 'arrive' é usado em ASL para indicar chegada a um local, especialmente em contextos de direções, substituindo a expressão 'get to'. É usado com locais como 'lake', 'mountain', 'stop sign'.",Frase com 'get to' seguido de um local,LAKE ARRIVE — RIGHT TURN ; STOP SIGN ARRIVE — RIGHT,ASLFD.VERBOS.004,,ASL for Dummies — Caps. 1-13 (gramática + vocabulário temático) p.152
ASLFD.VERBOS.4,verbos,Uso de 'go over' para 'go across' em estruturas,"O verbo 'go over' é usado em ASL para indicar passagem sobre uma estrutura, como uma ponte, substituindo a expressão 'go across'. É usado com estruturas físicas como 'bridge'.",Frase com 'go across' seguido de uma estrutura,BRIDGE — GO OVER,ASLFD.VERBOS.005,,ASL for Dummies — Caps. 1-13 (gramática + vocabulário temático) p.156
ASLFD.VERBOS.5,verbos,Uso de 'write down' e 'record' com mesmo sinal,"Os verbos 'write down' e 'record' compartilham o mesmo sinal em ASL, indicando que são sinônimos na estrutura de comunicação, usados para anotar ou registrar algo.",Frase que envolve anotar ou registrar algo,YOUR CALENDAR — WRITE DOWN,ASLFD.VERBOS.009,,ASL for Dummies — Caps. 1-13 (gramática + vocabulário temático) p.221
ASLFD.VERBOS.6,verbos,Uso do verbo 'go' com marcador de sujeito 'ME',"O verbo 'GO' é usado com o pronome 'ME' antes do verbo para indicar que o sujeito está indo, especialmente em contextos de intenção ou plano. O pronome 'ME' funciona como marcador de sujeito.","Frase com intenção de ir a um lugar (ex: 'I'll go', 'I want to go')",MOVIE — GO WANT Q ; IF MOVIE O-C — ME GO,ASLFD.VERBOS.010,,ASL for Dummies — Caps. 1-13 (gramática + vocabulário temático) p.233
ASLFD.VERBOS.7,verbos,Uso do verbo 'LIKE' com pronominação direta,"O verbo 'LIKE' em ASL é usado com o pronome 'ME' para indicar 'eu gosto', e com o pronome 'SHE' para indicar 'ela gosta', sem necessidade de repetir o sujeito. O pronome é colocado após o objeto.","Frase com 'gosto' ou 'gostar' de algo, com sujeito pessoal",EGG R-O-L-L-S — LIKE ME ; TORTILLAS — SHE LIKES,ASLFD.VERBOS.008,,ASL for Dummies — Caps. 1-13 (gramática + vocabulário temático) p.182
ASLFD.VERBOS.8,verbos,Distinção entre verbo e substantivo por movimento,"A distinção entre um verbo e um substantivo que compartilham a mesma forma manual é feita pelo número de movimentos: um movimento indica o verbo, dois movimentos indicam o substantivo. Isso é uma regra geral, com algumas exceções.",Quando um sinal tem a mesma forma manual para verbo e substantivo,CHAIR — SIT ; PLANE — FLY ; CAR — DRIVE,ASLFD.VERBOS.014,,ASL for Dummies — Caps. 1-13 (gramática + vocabulário temático) p.30
ASLFD.VERBOS.9,verbos,Forma verbal para 'frozen' e 'froze' em contextos de computador,"O verbo 'frozen' ou 'froze' é sinalizado com o movimento de 'congelar', usando a mão em forma manual S, como se estivesse quebrando um galho, com movimento de quebra em ambas as mãos, usado para computadores travados.",Frase com computador travado ou congelado,MY COMPUTER FROZE ; THE COMPUTER FROZE,ASLFD.VERBOS.015,,ASL for Dummies — Caps. 1-13 (gramática + vocabulário temático) p.243
ASLFD.VERBOS.10,verbos,Forma verbal para 'broke' e 'broken' em equipamentos,"O verbo 'broke' ou 'broken' é sinalizado com movimento de quebra, usando a mão em forma manual S, com ambas as mãos se movendo como se estivessem quebrando um objeto, usado para equipamentos quebrados.",Frase com equipamento quebrado,COPY MACHINE BROKE ; MACHINE BROKE,ASLFD.VERBOS.016,,ASL for Dummies — Caps. 1-13 (gramática + vocabulário temático) p.242
ASLFD.VERBOS.11,verbos,Forma verbal para 'win' e 'won' em competições,"O verbo 'win' ou 'won' é sinalizado com movimento de 'vencer', usando a mão em forma manual V, batendo na palma da mão passiva e rebatendo para cima, usado em contextos de vitória em competições.",Frase com vitória em competição,OUR TEAM RACE WON ; HE MATCH WON,ASLFD.VERBOS.017,,ASL for Dummies — Caps. 1-13 (gramática + vocabulário temático) p.250
ASLFD.VERBOS.12,verbos,Forma verbal para 'lose' e 'lost' em competições,"O verbo 'lose' ou 'lost' é sinalizado com movimento de 'perder', usando a mão em forma manual V, batendo na palma da mão passiva e rebatendo para cima, com movimento semelhante ao de 'win', usado em contextos de derrota em competições.",Frase com derrota em competição,WIN LOSE US WHICH Q ; THEY GAME LOST,ASLFD.VERBOS.018,,ASL for Dummies — Caps. 1-13 (gramática + vocabulário temático) p.250
ASLFD.VERBOS.13,verbos,"Forma verbal para 'match', 'game' e 'challenge' com movimento duplo ou simples","Os sinais para 'match', 'game' e 'challenge' são iguais, mas com movimento duplo quando são substantivos e movimento simples quando são verbos. Isso é uma aplicação da regra geral de distinção entre verbo e substantivo por número de movimentos.","Frase com 'match', 'game' ou 'challenge' como substantivo ou verbo",MATCH EXCITING ; CHALLENGE YOU,ASLFD.VERBOS.019,"A nova candidata é o mesmo fenômeno da regra [7] — distinção entre verbo e substantivo por número de movimentos, com exemplos específicos de 'match', 'game' e 'challenge'.",ASL for Dummies — Caps. 1-13 (gramática + vocabulário temático) p.250
ASLFD.VERBOS.14,verbos,"Forma verbal para 'race', 'compete' e 'sports' com movimento de A","Os sinais para 'race', 'compete' e 'sports' são feitos com a mão em forma manual A, palmas juntas, alternando para frente e para trás, usados em contextos de competição ou corrida.",Frase com competição ou corrida,THEY ARE RACING ; WE COMPETE IN SPORTS,ASLFD.VERBOS.020,,ASL for Dummies — Caps. 1-13 (gramática + vocabulário temático) p.250
ASLFD.VERBOS.15,verbos,Uso de 'need' com sujeito e objeto,"O verbo 'need' é sinalizado com o sujeito antes do verbo, seguido do objeto. O sinal 'NEED' é feito com a mão dominante em forma de C, movendo-se para frente com leve pressão.",Frase com 'need' em inglês,NURSE — NEED Q ; CHIROPRACTOR — NEED YOU,ASLFD.VERBOS.022,,ASL for Dummies — Caps. 1-13 (gramática + vocabulário temático) p.275
ASLFD.PERGUNTA.1,pergunta,Marcação de perguntas com 'Q' no final,"Perguntas em ASL são marcadas com o sinal 'Q' no final da frase, especialmente quando a estrutura não depende de expressão facial ou movimento de cabeça para indicar que é uma pergunta. Isso inclui perguntas com pronomes interrogativos no final, bem como perguntas iniciadas com 'if' ou 'how', que também usam o sinal 'Q' no final para indicar a forma interrogativa.","Frase com intenção de fazer pergunta, especialmente quando não há mudança de expressão facial ou movimento de cabeça para indicar interrogação; aplica-se a perguntas com pronomes interrogativos, 'if' ou 'how' no início ou em outras posições.",GOING — WHO Q ; WANT SEE — KITCHEN Q ; PICNIC GO US — COME YOU Q ; P-O-K-E-R — PLAY — WANTS — WHO Q ; YOU SEE C-H-I-P Q ; IF RAIN — YOU SWIMMING Q ; ME — BLOOD DRAWN — HOW Q,ASLFD.PERGUNTA.002 ; ASLFD.PERGUNTA.006 ; ASLFD.PERGUNTA.009 ; ASLFD.PERGUNTA.010,"Todas as candidatas descrevem o uso do sinal 'Q' no final da frase como marcador de interrogação em ASL, mesmo com variações na posição do pronome interrogativo ou no início com 'if' ou 'how', e todas se aplicam quando a entonação facial não é suficiente para indicar pergunta.",ASL for Dummies — Caps. 1-13 (gramática + vocabulário temático) p.119; ASL for Dummies — Caps. 1-13 (gramática + vocabulário temático) p.257; ASL for Dummies — Caps. 1-13 (gramática + vocabulário temático) p.271; ASL for Dummies — Caps. 1-13 (gramática + vocabulário temático) p.72
ASLFD.NEGACAO.1,negacao,Negacao com 'NO' no inicio da frase,"A negação em ASL é expressa com o sinal 'NO', colocado no início da frase, geralmente com expressão facial de negação. O sinal é feito com a mão dominante em forma de C, movendo-se para baixo e para frente. É usado para negar ações, estados ou condições, especialmente em frases que expressam recusa ou ausência de algo.","Frase com negação em inglês (ex: 'no, I'll stay home')",NO — HOME STAY — READ ; NO — OWN GREAT — RENT NOT,ASLFD.NEGACAO.004 ; ASLFD.NEGACAO.001,"Ambas as candidatas descrevem a negação com o sinal 'NO' no início da frase, com uso de expressão facial e contexto de recusa ou ausência; o exemplo 'NOT WANT' em ASLFD.NEGACAO.001 é uma variação do mesmo fenômeno, onde 'NOT' no final é usado em combinação com 'NO' para reforçar a negação, mas o núcleo é o mesmo: negação com 'NO' no início.",ASL for Dummies — Caps. 1-13 (gramática + vocabulário temático) p.108; ASL for Dummies — Caps. 1-13 (gramática + vocabulário temático) p.272
ASLFD.POSSESSIVOS.1,possessivos,Posse com palma aberta,"Para indicar posse, sinaliza-se a pessoa ou coisa possuída, seguido por uma palma aberta voltada para a pessoa a quem pertence o objeto. O movimento pode ser simples (singular) ou com movimento lateral (plural). Este padrão é usado tanto para afirmar posse quanto para perguntar sobre posse, especialmente quando o nome da pessoa é conhecido.",Expressão de posse sobre um objeto ou pessoa; pergunta sobre posse com nome próprio associado,"English: He has money. -> Sign: MONEY HIS ; English: The gold is theirs. -> Sign: GOLD THEIRS ; Fingerspell T-O-N-Y, point to coat, sign ? -> 'Is that Tony's?'",ASLFD.OUTROS.001 ; ASLFD.OUTROS.002,"Ambas as candidatas descrevem o mesmo fenômeno gramatical: uso da palma aberta para indicar posse, com variação em contexto (afirmação ou pergunta) e uso de soletração para nome próprio em perguntas.",ASL for Dummies — Caps. 1-13 (gramática + vocabulário temático) p.138; ASL for Dummies — Caps. 1-13 (gramática + vocabulário temático) p.140
ASLFD.DEMONSTRATIVOS.1,demonstrativos,Sinalização de demonstrativos com mão em forma de Y,"Os pronomes demonstrativos (this, that, these, those) são sinalizados com a mão dominante em forma de Y, dobrada no pulso, apontando para o referente. O movimento lateral indica plural.",Referência a um objeto ou grupo de objetos visíveis ou recentemente mencionados,Sign: THIS -> apontar com mão em Y para um objeto próximo ; Sign: THESE -> apontar com movimento lateral para múltiplos objetos,ASLFD.OUTROS.003,,ASL for Dummies — Caps. 1-13 (gramática + vocabulário temático) p.141
ASLFD.CONCORDANCIA.1,concordancia,Uso de 'me' como sujeito em frases com 'will',"Em frases com 'will', o pronome 'me' é usado como sujeito para indicar ação futura que afeta o próprio signador.",Frase com 'I will' seguido de um verbo de ação futura,TRAIN MISS — FLY ME — WILL,ASLFD.CONCORDANCIA.001,,ASL for Dummies — Caps. 1-13 (gramática + vocabulário temático) p.158
ASLFD.CLASSIFICADORES.1,classificadores,Uso de classificadores para cartão,"O sinal para cartão (ATM/DEBIT CARD ou CREDIT CARD) pode ser feito com um movimento de contorno de forma de cartão após o sinal base, ou com movimento de deslizar como se fosse em leitor de cartão.",Sinal para cartão de crédito ou débito,CREDIT (outline card) — YOURS USE ; A-T-M (outline card) — B-A-N-K — GIVE ME,ASLFD.CLASSIFICADORES.002,,ASL for Dummies — Caps. 1-13 (gramática + vocabulário temático) p.213
ASLFD.FOCO.1,foco,Uso de 'LA' como abreviação para Los Angeles,"O sinal 'LA' é usado como abreviação padrão para 'Los Angeles' em contextos de localização, especialmente em conversas sobre viagens ou localizações. É uma convenção fixa e amplamente aceita.",Quando se menciona Los Angeles em conversas sobre locais,Chip’s in Los Angeles. -> YES — C-H-I-P LA,ASLFD.FOCO.005,,ASL for Dummies — Caps. 1-13 (gramática + vocabulário temático) p.72
