id,text,gloss
75,macro financial aid for moldova vote,MACRO DESC-FINANCIAL AID FOR MOLDOVA VOTE
426,report james elles,REPORT JAME ELLE
868,seventh human rights council of the united nations vote,DESC-SEVENTH DESC-HUMAN RIGHTS COUNCIL UNITE NATION VOTE
959,european satellite radionavigation programmes egnos and gallileo,EUROPEAN SATELLITE RADIONAVIGATION PROGRAM EGNO AND GALLILEO
1521,"therefore , I ask you quite particularly to reject , tomorrow , any amendments that have been submitted .","DESC-REFORE , X-I ASK X-YOU DESC-QUITE DESC-PARTICULARLY TO REJECT , TOMORROW , ANY AMENDMENT THAT HAVE BE SUBMIT ."
2570,"ladies and gentlemen , 2015 is not far away only six years stand between us .","LADY AND GENTLEMAN , 2015 BE DESC-NOT DESC-FAR DESC-AWAY DESC-ONLY SIX YEAR STAND BETWEEN X-WE ."
2775,for these reasons I voted against this proposal .,FOR SE REASON X-I VOTE AGAINST THIS PROPOSAL .
3296,subject terrorist threats,SUBJECT DESC-TERRORIST THREAT
3496,"it will improve people's ability to strip paint safely without being exposed to dangerous , carcinogenic chemicals .","X-IT WILL IMPROVE PEOPLE X-POSS ABILITY TO STRIP PAINT DESC-SAFELY WITHOUT BE EXPOSE TO DESC-DANGEROUS , DESC-CARCINOGENIC CHEMICAL ."
3923,"happily , the polls indicate ayesmajority .","DESC-HAPPILY , POLL INDICATE AYESMAJORITY ."
4183,i disagree with this aspect of this report .,X-I DISAGREE WITH THIS ASPECT THIS REPORT .
4225,"last but not least , syed kamall !","DESC-LAST BUT DESC-NOT DESC-LEAST , SYE KAMALL !"
5713,that is an area we need to look at .,THAT BE AREA X-WE NEED TO LOOK AT .
6024,this question should also be addressed to the council and the commission .,THIS QUESTION SHOULD DESC-ALSO BE ADDRESS TO COUNCIL AND COMMISSION .
6193,we request the commission's assistance in this matter .,X-WE REQUEST COMMISSION X-POSS ASSISTANCE IN THIS MATTER .
7349,i urge the european parliament to act responsibly and quickly in order to protect the remaining wilderness .,X-I URGE EUROPEAN PARLIAMENT TO ACT DESC-RESPONSIBLY AND DESC-QUICKLY IN ORDER TO PROTECT REMAIN WILDERNESS .
7610,this is how they fall prey to dangerous temptations .,THIS BE HOW X-Y FALL PREY TO DESC-DANGEROUS TEMPTATION .
8345,we hope for protection of rights for groups that is our goal .,X-WE HOPE FOR PROTECTION RIGHTS FOR GROUP THAT BE X-WE GOAL .
8411,"this does not conform to the european union , its principles or its values .","THIS DO DESC-NOT CONFORM TO EUROPEAN UNION , X-ITS PRINCIPLE OR X-ITS VALUE ."
8694,"it does have the effect slightly of trapping heat around the world , but how ?","X-IT DO HAVE EFFECT DESC-SLIGHTLY TRAP HEAT AROUND WORLD , BUT HOW ?"
9091,"climate change calls for us to take a step forward in development , not a step back .","CLIMATE CHANGE CALL FOR X-WE TO TAKE STEP DESC-FORWARD IN DEVELOPMENT , DESC-NOT STEP DESC-BACK ."
9136,the celebrations and salutations surrounding president obama are making people delude themselves about the policy of imperialism .,CELEBRATION AND SALUTATION SURROUND PRESIDENT OBAMA BE MAKE PEOPLE DELUDE X-MSELVES ABOUT POLICY IMPERIALISM .
9325,"however , in the given circumstances , what is important is that the european union successfully completes the mission .","DESC-HOWEVER , IN GIVE CIRCUMSTANCE , WHAT BE DESC-IMPORTANT BE THAT EUROPEAN UNION DESC-SUCCESSFULLY DESC-COMPLETE MISSION ."
9378,there are now several member states which already use this instrument .,DESC-RE BE DESC-NOW DESC-SEVERAL MEMBER STATE WHICH DESC-ALREADY USE THIS INSTRUMENT .
10342,we call on both sides of the conflict to minimise civilian losses and to commence peace negotiations .,X-WE CALL ON BOTH SIDE CONFLICT TO MINIMIZE DESC-CIVILIAN LOSS AND TO COMMENCE PEACE NEGOTIATION .
10348,aid agencies must be given unrestricted access to the civilian population in a cease fire to be agreed .,AID AGENCY MUST BE GIVE DESC-UNRESTRICTED ACCESS TO DESC-CIVILIAN POPULATION IN CEASE FIRE TO BE AGREE .
10478,we were all horrified by the violent power of this natural disaster and its horrendous consequences .,X-WE BE ALL HORRIFY BY DESC-VIOLENT POWER THIS DESC-NATURAL DISASTER AND X-ITS DESC-HORRENDOUS CONSEQUENCE .
11246,parliament should not encourage any type of confrontation with the democratic institutions in venezuela .,PARLIAMENT SHOULD DESC-NOT ENCOURAGE ANY TYPE CONFRONTATION WITH DESC-DEMOCRATIC INSTITUTION IN VENEZUELUM .
11415,i will briefly point out some of the contributions that the report makes .,X-I WILL BRIEFLY POINT OUT SOME CONTRIBUTION THAT REPORT MAKE .
11935,i was therefore very pleased to support this report .,X-I BE DESC-REFORE DESC-VERY DESC-PLEASED TO SUPPORT THIS REPORT .
12176,i am firmly in favour of strengthening the esdp .,X-I BE DESC-FIRMLY IN FAVOR STRENGN ESDP .
12300,i would ask for your support .,X-I WOULD ASK FOR X-YOU SUPPORT .
12696,smes account for more than 90 % of the eu economy and two thirds of its jobs .,SME ACCOUNT FOR MORE THAN 90 % EU ECONOMY AND TWO DESC-THIRD X-ITS JOB .
13258,we have to be very bold in defending broad access and transparency to all documents .,X-WE HAVE TO BE DESC-VERY DESC-BOLD IN DEFEND DESC-BROAD ACCESS AND TRANSPARENCY TO ALL DOCUMENT .
13416,"and as far as these areas are concerned , I am fundamentally opposed to a free market .","AND AS DESC-FAR AS SE AREA BE CONCERN , X-I BE DESC-FUNDAMENTALLY OPPOSE TO DESC-FREE MARKET ."
13454,"we often talk about better regulation , but what we really need is proportionality .","X-WE DESC-OFTEN TALK ABOUT DESC-BETTER REGULATION , BUT WHAT X-WE DESC-REALLY NEED BE PROPORTIONALITY ."
13967,we must explain to them how this initiative came about .,X-WE MUST EXPLAIN TO X-Y HOW THIS INITIATIVE COME ABOUT .
14391,"in my view , therefore , anything connected with data collection and statistics is especially important .","IN X-MY VIEW , DESC-REFORE , ANYTHING CONNECT WITH DATUM COLLECTION AND STATISTICS BE DESC-ESPECIALLY DESC-IMPORTANT ."
14612,i want to call that into question .,X-I WANT TO CALL THAT INTO QUESTION .
14641,this is precisely what is needed to recover from a recession .,THIS BE DESC-PRECISELY WHAT BE NEED TO RECOVER FROM RECESSION .
14682,let us act together .,LET X-WE ACT DESC-TOGER .
15034,its costs have an effect on the price of all the products we consume .,X-ITS COST HAVE EFFECT ON PRICE ALL PRODUCT X-WE CONSUME .
15880,"however , the problem is vast .","DESC-HOWEVER , PROBLEM BE DESC-VAST ."
16381,i consider the tibetan people's claims to be legitimate and to a certain extent logical .,X-I CONSIDER TIBETAN PEOPLE X-POSS CLAIM TO BE DESC-LEGITIMATE AND TO DESC-CERTAIN EXTENT DESC-LOGICAL .
16503,that is an eventual aim that I support .,THAT BE DESC-EVENTUAL AIM THAT X-I SUPPORT .
16848,"the events we are talking about did not take place in some dark , distant past .","EVENT X-WE BE TALK ABOUT DO DESC-NOT TAKE PLACE IN SOME DARK , DESC-DISTANT PAST ."
18151,"furthermore , nowhere does this report even mention the issue of illegal immigration .","DESC-FURRMORE , DESC-NOWHERE DO THIS REPORT DESC-EVEN MENTION ISSUE DESC-ILLEGAL IMMIGRATION ."
18309,for this reason it is exploited by some groups in support of abortion .,FOR THIS REASON X-IT BE EXPLOIT BY SOME GROUP IN SUPPORT ABORTION .
18321,that is not a matter for the eu .,THAT BE DESC-NOT MATTER FOR EU .
18746,"however , this means that these things must be included in the next report at the latest .","DESC-HOWEVER , THIS MEAN THAT SE THING MUST BE INCLUDE IN NEXT REPORT AT DESC-LATEST ."
20052,"last november's us presidential election generated an unprecedented degree of enthusiasm , expectation and interest here in europe .","DESC-LAST NOVEMBER X-POSS X-WE DESC-PRESIDENTIAL ELECTION GENERATE DESC-UNPRECEDENTED DEGREE ENTHUSIASM , EXPECTATION AND INTEREST DESC-HERE IN EUROPE ."
20053,this is because the choice of us president matters to europeans .,THIS BE BECAUSE CHOICE X-WE PRESIDENT MATTER TO EUROPEAN .
20399,only through enhanced commitment will we be able to influence positive developments and improvement of the human rights situation .,DESC-ONLY THROUGH ENHANCE COMMITMENT WILL X-WE BE DESC-ABLE TO INFLUENCE DESC-POSITIVE DEVELOPMENT AND IMPROVEMENT DESC-HUMAN RIGHTS SITUATION .
20750,this right is recognised by article ii 71 of the treaty establishing a constitution for europe .,THIS DESC-RIGHT BE RECOGNIZE BY ARTICLE IUS 71 TREATY ESTABLISH CONSTITUTION FOR EUROPE .
20946,an obvious starting point must be damages actions on the basis of a breach of antitrust rules .,DESC-OBVIOUS START POINT MUST BE DAMAGES ACTION ON BASIS BREACH DESC-ANTITRUST RULE .
20989,families living in small towns and inhabitants of villages are particularly affected by poverty .,FAMILY DESC-LIVE IN DESC-SMALL TOWN AND INHABITANT VILLAGE BE DESC-PARTICULARLY AFFECT BY POVERTY .
21194,parliament decided to postpone the final vote,PARLIAMENT DECIDE TO POSTPONE DESC-FINAL VOTE
21339,"unfortunately , the text adopted in committee contains proposals that are incompatible with the social market economy .","DESC-UNFORTUNATELY , TEXT ADOPT IN COMMITTEE CONTAIN PROPOSAL THAT BE DESC-INCOMPATIBLE WITH DESC-SOCIAL MARKET ECONOMY ."
21437,"when we speak of regional identity in the european union , it goes without saying that we invoke culture .","WHEN X-WE SPEAK DESC-REGIONAL IDENTITY IN EUROPEAN UNION , X-IT GO WITHOUT SAY THAT X-WE INVOKE CULTURE ."
21663,this is very important in the case of such an important neighbour of the european union .,THIS BE DESC-VERY DESC-IMPORTANT IN CASE DESC-SUCH DESC-IMPORTANT NEIGHBOR EUROPEAN UNION .
22453,"secondly , the independent scientific studies to date do not justify amending the scientific basis for these exposure limits .","DESC-SECONDLY , DESC-INDEPENDENT DESC-SCIENTIFIC STUDY TO DATE DO DESC-NOT JUSTIFY AMEND DESC-SCIENTIFIC BASIS FOR SE EXPOSURE LIMIT ."
23438,"lastly , 2007 was the year of the last discharge vote before the european parliament elections .","DESC-LASTLY , 2007 BE YEAR DESC-LAST DISCHARGE VOTE BEFORE EUROPEAN PARLIAMENT ELECTION ."
25225,patientsrights in cross border healthcare debate,PATIENTSRIGHT IN CROSS BORDER HEALTHCARE DEBATE
26084,he called emphatically on the moldovan authorities and on the opposition to enter into political dialogue .,X-HE CALL DESC-EMPHATICALLY ON MOLDOVAN AUTHORITY AND ON OPPOSITION TO ENTER INTO DESC-POLITICAL DIALOGUE .
26093,"according to a commission spokesman , no signs of fraud were discovered during the recount .","ACCORD TO COMMISSION SPOKESMAN , NO SIGN FRAUD BE DISCOVER DURING RECOUNT ."
26387,"international human rights treaties are of no use whatsoever if countries do not sign , ratify and implement .","DESC-INTERNATIONAL DESC-HUMAN RIGHTS TREATY BE NO USE DESC-WHATSOEVER IF COUNTRY DO DESC-NOT SIGN , RATIFY AND IMPLEMENT ."
27482,the council wants to keep both the opt out and the yearly calculation of working time .,COUNCIL WANT TO KEEP BOTH OPT OUT AND DESC-YEARLY CALCULATION WORK TIME .
27675,slapping a ban on overpopulated seals is madness and a complete failure of our values .,SLAPPING BAN ON OVERPOPULATE SEAL BE MADNESS AND DESC-COMPLETE FAILURE X-WE VALUE .
27782,concern was also expressed about the criteria for severity bands .,CONCERN BE DESC-ALSO DESC-EXPRESS ABOUT CRITERION FOR SEVERITY BAND .
27891,all of those are included in this proposal .,ALL THOSE BE INCLUDE IN THIS PROPOSAL .
28243,"i abstained on the amended proposal , because I feel that on this issue no compromises are necessary .","X-I ABSTAIN ON AMEND PROPOSAL , BECAUSE X-I FEEL THAT ON THIS ISSUE NO COMPROMISE BE DESC-NECESSARY ."
28679,i share the view of commissioner barroso .,X-I SHARE VIEW COMMISSIONER BARROSO .
28768,it does not augur well that some member states do not want the employment summit this thursday .,X-IT DO DESC-NOT AUGUR DESC-WELL THAT SOME MEMBER STATE DO DESC-NOT WANT EMPLOYMENT SUMMIT THIS THURSDAY .
28807,thus I once again welcome the changes that have been made regarding this fund .,DESC-THUS X-I DESC-ONCE DESC-AGAIN DESC-WELCOME CHANGE THAT HAVE BE MAKE REGARD THIS FUND .
28886,"as you perhaps know , the krško nuclear power plant is situated on this fault line .",KO DESC-NUCLEAR POWER PLANT BE SITUATE ON THIS FAULT LINE .
28915,"at the same time , each member state decides whether or not to use nuclear energy .","AT DESC-SAME TIME , EACH MEMBER STATE DECIDE WHER OR DESC-NOT TO USE DESC-NUCLEAR ENERGY ."
29278,what should we do to change this ?,WHAT SHOULD X-WE DO TO CHANGE THIS ?
29473,this really ought to be self evident .,THIS DESC-REALLY OUGHT TO BE SELF DESC-EVIDENT .
29893,"mr president , you have tackled many activities in your two and a half year term of office .","MR PRESIDENT , X-YOU HAVE TACKLE DESC-MANY ACTIVITY IN X-YOU TWO AND HALF YEAR TERM OFFICE ."
30043,"millions of europeans rely on the internet , whether directly or indirectly , in their daily lives .","MILLION EUROPEAN RELY ON INTERNET , WHER DESC-DIRECTLY OR DESC-INDIRECTLY , IN X-Y DESC-DAILY LIFE ."
30183,"once again , this must encourage us to reflect in order to prepare more effective strategies in the future .","DESC-ONCE DESC-AGAIN , THIS MUST ENCOURAGE X-WE TO REFLECT IN ORDER TO PREPARE MORE DESC-EFFECTIVE STRATEGY IN FUTURE ."
30517,"maintaining good neighbourly relations , including a negotiated and mutually acceptable solution on the main issue , remains essential .","MAINTAIN DESC-GOOD DESC-NEIGHBOURLY RELATION , INCLUDE NEGOTIATE AND DESC-MUTUALLY DESC-ACCEPTABLE SOLUTION ON DESC-MAIN ISSUE , REMAIN DESC-ESSENTIAL ."
30534,"at the time , few of us could have guessed the scale of the coming economic crisis .","AT TIME , DESC-FEW X-WE COULD HAVE GUESS SCALE COME DESC-ECONOMIC CRISIS ."
31407,"these demand our engagement , condemnation and action .","SE DEMAND X-WE ENGAGEMENT , CONDEMNATION AND ACTION ."
31593,this same sector considers that the government is showing an intolerant attitude towards criticism .,THIS DESC-SAME SECTOR CONSIDER THAT GOVERNMENT BE SHOW DESC-INTOLERANT ATTITUDE TOWARDS CRITICISM .
32109,the result is that there is no single approach .,RESULT BE THAT DESC-RE BE NO DESC-SINGLE APPROACH .
32120,we believe this to be very much rooted in the past and it must stop .,X-WE BELIEVE THIS TO BE DESC-VERY DESC-MUCH ROOT IN PAST AND X-IT MUST STOP .
32347,i hope that we will cooperate closely and I hope to see you again in the autumn .,X-I HOPE THAT X-WE WILL COOPERATE DESC-CLOSELY AND X-I HOPE TO SEE X-YOU DESC-AGAIN IN AUTUMN .
32515,yet china is a huge country with considerable internal challenges and differences between its regions .,DESC-YET CHINA BE DESC-HUGE COUNTRY WITH DESC-CONSIDERABLE DESC-INTERNAL CHALLENGE AND DIFFERENCE BETWEEN X-ITS REGION .
32975,that is not a question for mrs lope fontagné .,THAT BE DESC-NOT QUESTION FOR MR LOPE FONTAGN? .
34460,"as you can see , I cannot be as pessimistic as some of those who have spoken here today .","AS X-YOU CAN SEE , X-I CAN DESC-NOT BE AS DESC-PESSIMISTIC AS SOME THOSE WHO HAVE SPEAK DESC-HERE TODAY ."
34544,member of the commission . I understand very well the strength of feeling .,X-I UNDERSTAND DESC-VERY DESC-WELL STRENGTH FEELING .
34693,they should do anything that can be seen if they want people to believe in them .,X-Y SHOULD DO ANYTHING THAT CAN BE SEE IF X-Y WANT PEOPLE TO BELIEVE IN X-Y .
34740,we also need to do something about trade .,X-WE DESC-ALSO NEED TO DO SOMETHING ABOUT TRADE .
34763,my third question is the g20 is also part of the preparations for copenhagen .,X-MY DESC-THIRD QUESTION BE G20 BE DESC-ALSO PART PREPARATION FOR COPENHAGEN .
34995,"some members , mrs krehl and mr itälä , have raised the matter of resources .",", HAVE RAISE MATTER RESOURCE . ?"
35015,"however , it is to be agreed in the future work related to the implementation of the strategy .","DESC-HOWEVER , X-IT BE TO BE AGREE IN FUTURE WORK RELATE TO IMPLEMENTATION STRATEGY ."
35115,our political environment cannot be one where people close their eyes to the facts .,X-WE DESC-POLITICAL ENVIRONMENT CAN DESC-NOT BE ONE WHERE PEOPLE DESC-CLOSE X-Y EYE TO FACT .
35405,"their journey has not been easy , but the efforts which have been made must be fully recognised .","X-Y JOURNEY HAVE DESC-NOT BE DESC-EASY , BUT EFFORT WHICH HAVE BE MAKE MUST BE DESC-FULLY RECOGNIZE ."
36072,"mr president , the open market is a joint european achievement .","MR PRESIDENT , DESC-OPEN MARKET BE DESC-JOINT EUROPEAN ACHIEVEMENT ."
36445,are we seriously suggesting the kazakh government threw a civilian under the car wheels of a human rights activist ?,BE X-WE DESC-SERIOUSLY SUGGEST KAZAKH GOVERNMENT THROW DESC-CIVILIAN UNDER CAR WHEEL DESC-HUMAN RIGHTS ACTIVIST ?
36458,we have therefore signed the resolution .,X-WE HAVE DESC-REFORE SIGN RESOLUTION .
36487,mr al hassani must be released .,MR AL HASSANUS MUST BE RELEASE .
37955,the draft proposals submitted for debate today are a variation of an evaluation mechanism .,DRAFT PROPOSAL SUBMIT FOR DEBATE TODAY BE VARIATION EVALUATION MECHANISM .
38452,these are the realistic ways of tackling climate change .,SE BE DESC-REALISTIC WAY TACKLE CLIMATE CHANGE .
38494,have you ever played russian roulette ?,HAVE X-YOU DESC-EVER PLAY RUSSIAN ROULETTE ?
39143,we have also increased the allocation for the programme of research for small and medium sized businesses .,X-WE HAVE DESC-ALSO INCREASE ALLOCATION FOR PROGRAM RESEARCH FOR DESC-SMALL AND MEDIUM SIZE BUSINESS .
40332,constitutional courts are now debating this issue as well and want to make a decision .,DESC-CONSTITUTIONAL COURT BE DESC-NOW DEBATE THIS ISSUE AS DESC-WELL AND WANT TO MAKE DECISION .
40883,"there is no one truth , there are several truths and they often contradict each other .","DESC-RE BE NO ONE TRUTH , DESC-RE BE DESC-SEVERAL TRUTH AND X-Y DESC-OFTEN CONTRADICT EACH DESC-OR ."
41271,formal sitting 20th anniversary of the democratic change in central and eastern europe,DESC-FORMAL SIT DESC-20TH ANNIVERSARY DESC-DEMOCRATIC CHANGE IN DESC-CENTRAL AND DESC-EASTERN EUROPE
41373,it is up to us to change this trend .,X-IT BE DESC-UP TO X-WE TO CHANGE THIS TREND .
42513,maybe it sounds like I am taking the high moral ground I am not .,DESC-MAYBE X-IT SOUND LIKE X-I BE TAKE DESC-HIGH DESC-MORAL GROUND X-I BE DESC-NOT .
42530,"hu I , too , would like to thank the european ombudsman for his work .","HU X-I , DESC-TOO , WOULD LIKE TO THANK EUROPEAN OMBUDSMAN FOR X-HE WORK ."
44144,allow me to comment on two areas .,ALLOW X-I TO COMMENT ON TWO AREA .
44339,i therefore ask the house to support the motion .,X-I DESC-REFORE ASK HOUSE TO SUPPORT MOTION .
44613,there is also the matter of human rights .,DESC-RE BE DESC-ALSO MATTER DESC-HUMAN RIGHTS .
44623,could the commission answer how many free trade agreements we are negotiating or have negotiated up to now ?,COULD COMMISSION ANSWER HOW DESC-MANY DESC-FREE TRADE AGREEMENT X-WE BE NEGOTIATE OR HAVE NEGOTIATE DESC-UP TO DESC-NOW ?
45111,"let us move forward and , again , make a firm financial commitment to developing countries .","LET X-WE MOVE DESC-FORWARD AND , DESC-AGAIN , MAKE FIRM DESC-FINANCIAL COMMITMENT TO DEVELOP COUNTRY ."
46595,"another positive aspect is agriculture , which used to be a real source of concern .","ANOR DESC-POSITIVE ASPECT BE AGRICULTURE , WHICH USE TO BE DESC-REAL SOURCE CONCERN ."
47081,thirty six pirate vessels have been intercepted and 14 direct attacks have been avoided .,THIRTY SIX PIRATE VESSEL HAVE BE INTERCEPT AND 14 DESC-DIRECT ATTACK HAVE BE AVOID .
47429,"mr president , if you would allow me , I shall just go through some of the different sectors .","MR PRESIDENT , IF X-YOU WOULD ALLOW X-I , X-I SHALL DESC-JUST GO THROUGH SOME DESC-DIFFERENT SECTOR ."
47476,these should be the subjects of our debates if we are finally to end the agricultural crisis .,SE SHOULD BE SUBJECT X-WE DEBATE IF X-WE BE DESC-FINALLY TO END DESC-AGRICULTURAL CRISIS .
47605,we call for a new start to the process .,X-WE CALL FOR DESC-NEW START TO PROCESS .
47848,the economic crisis has become an acutely felt social crisis for which we have not yet found a solution .,DESC-ECONOMIC CRISIS HAVE BECOME DESC-ACUTELY FEEL DESC-SOCIAL CRISIS FOR WHICH X-WE HAVE DESC-NOT DESC-YET FIND SOLUTION .
48549,conditions for an effective eu us partnership on the middle east have rarely been as good .,CONDITION FOR DESC-EFFECTIVE EU X-WE PARTNERSHIP ON MIDDLE DESC-EAST HAVE DESC-RARELY BE AS DESC-GOOD .
48973,we are not sparing any effort to support georgia .,X-WE BE DESC-NOT DESC-SPARE ANY EFFORT TO SUPPORT GEORGIUM .
49038,"mr president , yesterday in ireland , a conference addressed the topic of aid and eastern europe .","MR PRESIDENT , YESTERDAY IN IRELAND , CONFERENCE ADDRESS TOPIC AID AND DESC-EASTERN EUROPE ."
49644,we must therefore balance the need for joint action with respect for the rights of our member states .,X-WE MUST DESC-REFORE BALANCE NEED FOR DESC-JOINT ACTION WITH RESPECT FOR RIGHTS X-WE MEMBER STATE .
49764,the financial crisis has revealed the weak points in our financial supervision system .,DESC-FINANCIAL CRISIS HAVE REVEAL DESC-WEAK POINT IN X-WE DESC-FINANCIAL SUPERVISION SYSTEM .
49826,"if there should be a no vote , the money would not be handed back to the taxpayer .","IF DESC-RE SHOULD BE NO VOTE , MONEY WOULD DESC-NOT BE HAND DESC-BACK TO TAXPAYER ."
49852,wto members must remain committed to actively fighting protectionism .,WTO MEMBER MUST REMAIN DESC-COMMITTED TO DESC-ACTIVELY FIGHT PROTECTIONISM .
50048,"however , the question is not when , but how , we pull out of afghanistan .","DESC-HOWEVER , QUESTION BE DESC-NOT WHEN , BUT HOW , X-WE PULL OUT AFGHANISTAN ."
50461,subject negotiations for turkey to take part in joint frontex operations,SUBJECT NEGOTIATION FOR TURKEY TO TAKE PART IN DESC-JOINT FRONTEX OPERATION
51885,neither were there any weapons of mass destruction nor any connection between saddam hussein and al qaeda .,NEIR BE DESC-RE ANY WEAPON MASS DESTRUCTION NOR ANY CONNECTION BETWEEN SADDAM HUSSEIN AND AL QAEDA .
52325,the matter of neighbourhood relations must be a priority .,MATTER NEIGHBORHOOD RELATION MUST BE PRIORITY .
52379,what europe needs is to adopt some aspects of the spanish model .,WHAT EUROPE NEED BE TO ADOPT SOME ASPECT SPANISH MODEL .
52610,"es hello , mr rodríguez zapatero .",GUEZ ZAPATERO . MR RODR ?
55017,other very important challenges need to be tackled during this mandate .,DESC-OR DESC-VERY DESC-IMPORTANT CHALLENGE NEED TO BE TACKLE DURING THIS MANDATE .
55332,that is exactly what we expect from the new commission .,THAT BE DESC-EXACTLY WHAT X-WE EXPECT FROM DESC-NEW COMMISSION .
55363,that is what the 500 million europeans who are watching us are expecting right now .,THAT BE WHAT 500 MILLION EUROPEAN WHO BE WATCH X-WE BE EXPECT DESC-RIGHT DESC-NOW .
55422,more and more issues are transversal or horizontal by nature .,MORE AND MORE ISSUE BE TRANSVERSAL OR DESC-HORIZONTAL BY NATURE .
55491,the commission does not want their support .,COMMISSION DO DESC-NOT WANT X-Y SUPPORT .
56185,the instrument works .,INSTRUMENT WORK .
57016,let us look at our own behaviour here in this european parliament .,LET X-WE LOOK AT X-WE DESC-OWN BEHAVIOR DESC-HERE IN THIS EUROPEAN PARLIAMENT .
57453,then it is easier to live and establish good relations with one's neighbours .,DESC-N X-IT BE DESC-EASIER TO DESC-LIVE AND ESTABLISH DESC-GOOD RELATION WITH ONE X-POSS NEIGHBOR .
58909,the burmese regime is a problem we have struggled with for years .,BURMESE REGIME BE PROBLEM X-WE HAVE STRUGGLE WITH FOR YEAR .
59208,"so , can we please not talk as if , somehow , growth is going to deliver jobs ?","DESC-SO , CAN X-WE PLEASE DESC-NOT TALK AS IF , DESC-SOMEHOW , GROWTH BE GO TO DELIVER JOB ?"
59460,it represents the highest aspirations for all of us on this planet and deserves all of our support .,X-IT REPRESENT DESC-HIGHEST ASPIRATION FOR ALL X-WE ON THIS PLANET AND DESERVE ALL X-WE SUPPORT .
59501,we must assume our responsibilities to the peoples of europe and the peoples of the whole world .,X-WE MUST ASSUME X-WE RESPONSIBILITY TO PEOPLE EUROPE AND PEOPLE WHOLE WORLD .
60173,most fish stocks are collapsing .,MOST FISH STOCK BE COLLAPSE .
60248,"fourthly , recognising past efforts most important .","DESC-FOURTHLY , RECOGNIZE PAST EFFORT MOST DESC-IMPORTANT ."
60620,i could go on .,X-I COULD GO ON .
61379,i understand from sources in the field that financial administration is often a problem among micro entities .,X-I UNDERSTAND FROM SOURCE IN FIELD THAT DESC-FINANCIAL ADMINISTRATION BE DESC-OFTEN PROBLEM AMONG MICRO ENTITY .
62327,"if you could work with parliament , then I will work with the commission .","IF X-YOU COULD WORK WITH PARLIAMENT , DESC-N X-I WILL WORK WITH COMMISSION ."
63732,the situation is a sensitive one and the conflict between the parties has become polarised .,SITUATION BE DESC-SENSITIVE ONE AND CONFLICT BETWEEN PARTY HAVE BECOME POLARISE .
64075,it is estimated that there are around 200 other political prisoners in cuba .,X-IT BE ESTIMATE THAT DESC-RE BE AROUND 200 DESC-OR DESC-POLITICAL PRISONER IN CUBA .
64719,gilad and his family need our help .,GILAD AND X-HE FAMILY NEED X-WE HELP .
65468,"tibetans are forbidden from doing anything to rescue their own culture , identity and religion .","TIBETAN BE FORBID FROM DO ANYTHING TO RESCUE X-Y DESC-OWN CULTURE , IDENTITY AND RELIGION ."
65645,"here I am referring to heading 1a and heading in other words , the report on priorities is clearly upgrading heading what is important is implementation . that should be at cruising speed by 20therefore , I am looking forward now to starting the procedure for 20brussels , too , must watch how it spends every public euro .","THAT SHOULD BE AT CRUISE SPEED BY DESC-20REFORE , X-I BE LOOK DESC-FORWARD DESC-NOW TO START PROCEDURE FOR DESC-20BRUSSEL , DESC-TOO , MUST WATCH HOW X-IT SPEND EVERY PUBLIC EURO ."
66270,there is no coordinated fiscal policy so it is doomed to failure and it is failing as we speak .,DESC-RE BE NO COORDINATE DESC-FISCAL POLICY DESC-SO X-IT BE DOOM TO FAILURE AND X-IT BE FAIL AS X-WE SPEAK .
66573,there should be a clear divide .,DESC-RE SHOULD BE DESC-CLEAR DIVIDE .
66575,"mr president , may I also thank mr scottà for the work in this important report .","MR PRESIDENT , MAY X-I DESC-ALSO THANK MR SCOTT? FOR WORK IN THIS DESC-IMPORTANT REPORT ."
66817,i voted for the report on the future of food quality policy .,X-I VOTE FOR REPORT ON FUTURE FOOD QUALITY POLICY .
67872,"so far , around 6 million works from our european cultural heritage have been digitised .","DESC-SO DESC-FAR , AROUND 6 MILLION WORK FROM X-WE EUROPEAN DESC-CULTURAL HERITAGE HAVE BE DIGITISE ."
69196,"one of these concerns visa free travel , which you , baroness ashton , have already referred to .","ONE SE CONCERN VISA DESC-FREE TRAVEL , WHICH X-YOU , BARONESS ASHTON , HAVE DESC-ALREADY REFER TO ."
69385,"nevertheless , question time is scheduled until 8.30 on our agenda .","DESC-NEVERLESS , QUESTION TIME BE SCHEDULE UNTIL 8.30 ON X-WE AGENDA ."
69547,"that does not mean money leaving the region oh no , it means money being spent .","THAT DO DESC-NOT MEAN MONEY LEAVE REGION OH NO , X-IT MEAN MONEY BE SPEND ."
69855,"mr president , another point concerns actual customs checks by member states .","MR PRESIDENT , ANOR POINT CONCERN DESC-ACTUAL CUSTOM CHECK BY MEMBER STATE ."
70043,they have criticised the country's leadership and president .,X-Y HAVE CRITICISE COUNTRY X-POSS LEADERSHIP AND PRESIDENT .
70317,the agreement will ensure that eu citizens have access to non discriminatory administrative and judicial rights .,AGREEMENT WILL ENSURE THAT EU CITIZEN HAVE ACCESS TO NON DESC-DISCRIMINATORY DESC-ADMINISTRATIVE AND DESC-JUDICIAL RIGHTS .
70414,we need disclosure regulations like the usa's privacy act .,X-WE NEED DISCLOSURE REGULATION LIKE USA X-POSS PRIVACY ACT .
70677,"given the open market and the movement of services , nothing else would be reasonable .","GIVE DESC-OPEN MARKET AND MOVEMENT SERVICE , NOTHING DESC-ELSE WOULD BE DESC-REASONABLE ."
70719,that is why I voted for the report on the sesar joint undertaking .,THAT BE WHY X-I VOTE FOR REPORT ON SESAR DESC-JOINT UNDERTAKING .
70730,the commission proposal does not address this issue .,COMMISSION PROPOSAL DO DESC-NOT ADDRESS THIS ISSUE .
71460,we see the situation in the world .,X-WE SEE SITUATION IN WORLD .
71516,first of all choose democracy .,DESC-FIRST ALL CHOOSE DEMOCRACY .
72097,"cancer is a horrific disease , a disease about which , at its worst , nothing can be done .","CANCER BE DESC-HORRIFIC DISEASE , DISEASE ABOUT WHICH , AT X-ITS DESC-WORST , NOTHING CAN BE DO ."
72391,the international community needs to be specifically involved once again .,DESC-INTERNATIONAL COMMUNITY NEED TO BE DESC-SPECIFICALLY INVOLVE DESC-ONCE DESC-AGAIN .
72546,"mr president , first of all I would like to thank mr deutsch for his excellent report .","MR PRESIDENT , DESC-FIRST ALL X-I WOULD LIKE TO THANK MR DEUTSCH FOR X-HE DESC-EXCELLENT REPORT ."
72637,i strongly support the european parliament report on the commission communication on action against cancer european partnership .,X-I DESC-STRONGLY SUPPORT EUROPEAN PARLIAMENT REPORT ON COMMISSION COMMUNICATION ON ACTION AGAINST CANCER EUROPEAN PARTNERSHIP .
73034,"with this package of legislative action , we are taking a quantum leap towards an environmentally friendly society .","WITH THIS PACKAGE DESC-LEGISLATIVE ACTION , X-WE BE TAKE QUANTUM LEAP TOWARDS DESC-ENVIRONMENTALLY DESC-FRIENDLY SOCIETY ."
73597,we are reducing production in europe .,X-WE BE REDUCE PRODUCTION IN EUROPE .
73613,it is vital for us to harmonise both our asylum laws and practices .,X-IT BE DESC-VITAL FOR X-WE TO HARMONISE BOTH X-WE ASYLUM LAW AND PRACTICE .
74376,and do you know what will happen with those proposals ?,AND DO X-YOU KNOW WHAT WILL HAPPEN WITH THOSE PROPOSAL ?
74399,i really hope that parliament will also take part in this debate .,X-I DESC-REALLY HOPE THAT PARLIAMENT WILL DESC-ALSO TAKE PART IN THIS DEBATE .
75709,returning to my report it is an implementation report .,RETURN TO X-MY REPORT X-IT BE IMPLEMENTATION REPORT .
76519,i will do that .,X-I WILL DO THAT .
76657,i heard some criticism from some colleagues .,X-I HEAR SOME CRITICISM FROM SOME COLLEAGUE .
77145,"please , let us stop this waste of taxpayersmoney now .","PLEASE , LET X-WE STOP THIS WASTE TAXPAYERSMONEY DESC-NOW ."
77163,"she has established excellent cooperation both with the political groups and , in particular , with the sectoral committees .","X-SHE HAVE ESTABLISH DESC-EXCELLENT COOPERATION BOTH WITH DESC-POLITICAL GROUP AND , IN DESC-PARTICULAR , WITH SECTORAL COMMITTEE ."
77271,i do not believe that the moratorium proposed by mr cashman is a wise move either .,X-I DO DESC-NOT BELIEVE THAT MORATORIUM PROPOSE BY MR CASHMAN BE DESC-WISE MOVE EIR .
77432,that is why this issue is so important .,THAT BE WHY THIS ISSUE BE DESC-SO DESC-IMPORTANT .
78139,the london bombings took place exactly five years ago .,LONDON BOMBING TAKE PLACE DESC-EXACTLY FIVE YEAR DESC-AGO .
78207,an increase in data protection is thus nowhere in sight in this agreement .,INCREASE IN DATUM PROTECTION BE DESC-THUS DESC-NOWHERE IN SIGHT IN THIS AGREEMENT .
78539,we support the resolution despite the risks posed by overly extremist stances already taken by parliament .,X-WE SUPPORT RESOLUTION DESPITE RISK POSE BY DESC-OVERLY EXTREMIST STANCE DESC-ALREADY TAKE BY PARLIAMENT .
78942,what cannot happen is for the taxpayer to have to carry the can again .,WHAT CAN DESC-NOT HAPPEN BE FOR TAXPAYER TO HAVE TO CARRY CAN DESC-AGAIN .
79166,"we have gone through full time , we are now in extra time .","X-WE HAVE GO THROUGH DESC-FULL TIME , X-WE BE DESC-NOW IN DESC-EXTRA TIME ."
79542,"as the european parliament we should , during the forthcoming second reading , .","AS EUROPEAN PARLIAMENT X-WE SHOULD , DURING DESC-FORTHCOMING DESC-SECOND READING , ."
79853,pillar one payments must continue giving farmers a direct payment which gives them a minimum level of income security .,PILLAR ONE PAYMENT MUST CONTINUE GIVE FARMER DESC-DIRECT PAYMENT WHICH GIVE X-Y MINIMUM LEVEL INCOME SECURITY .
79875,another key point is to maintain a cap budget at least at its current level .,ANOR KEY POINT BE TO MAINTAIN CAP BUDGET AT DESC-LEAST AT X-ITS DESC-CURRENT LEVEL .
