id,categoria,titulo,descricao,gatilho,verificavel_por_texto,exemplos,fonte_pagina,fonte_citacao,status,regra_base_correspondente,justificativa
ASLFD.001,morfologia,Uso de mãos passivas em formas naturais,"A mão passiva deve assumir uma das sete formas naturais (A, B, C, S, O, 1, 5) ou espelhar a mão ativa em sinais que exigem essa estrutura. Não usar essas formas quebra uma regra da ASL.",quando um sinal requer uma forma natural na mão passiva,True,START: mão passiva na forma 5 ; BUY: mão passiva na forma 5 ; COOK: mão passiva na forma 5,23,"If you don’t use your passive hand for these handshapes, you’ll be breaking a rule in ASL.",nao_temos,,"A regra extraída trata da estrutura morfológica dos sinais com base nas formas naturais da mão passiva, um fenômeno não abordado em nenhuma regra da base. As regras existentes sobre verbos e classificadores não mencionam restrições específicas sobre as formas das mãos em sinais direcionais ou não direcionais."
ASLFD.002,morfologia,Movimento de mãos espelhadas,"Quando a mão passiva espelha a mão ativa, ambas se movem juntas ou alternadamente em direções opostas. Isso é obrigatório para sinais que exigem simetria.",quando a mão passiva espelha a mão ativa,True,BOOK: movimento de abrir um livro ; GIFT: movimento alternado com mãos na forma X ; STORE: movimento simultâneo das mãos,25,"When your passive hand mirrors the shape of your dominant hand, you move both hands either together or alternately.",nao_temos,,"A regra extraída trata de movimento simétrico de mãos (espelhamento) em sinais que exigem simetria, um fenômeno morfológico específico. Nenhuma regra da base menciona movimento simétrico ou espelhamento de mãos como processo gramatical, mesmo as regras de reduplicação (MORF.1.4) ou verbos direcionais (VERB.3.8) não abordam esse aspecto."
ASLFD.003,pergunta,Formação de perguntas sim/não,"Perguntas sim/não são formadas colocando o marcador Q no final da frase, seguido de pausa. A ordem dos sinais mantém a estrutura da afirmação.",quando formar uma pergunta sim/não,True,Terry: M-A-L-L — RIDE — WANT YOU Q ; Belinda: YES — SOON — CHRISTMAS GIFTS — START BUYING — WANT ME,27,Sign: M-A-L-L — RIDE — WANT YOU Q,nao_temos,,"A base de regras não contém nenhuma regra sobre a formação de perguntas sim/não com marcador Q no final da frase. As regras existentes sobre pronomes interrogativos (PRON.2.5) tratam de WH-questions, não de perguntas sim/não, e as regras verbais não mencionam uso de marcador Q."
ASLFD.004,morfologia,Distinção de substantivos e verbos por movimento,"Substantivos são sinalizados com movimento duplo, enquanto verbos são sinalizados com movimento simples. Exceções existem para alguns substantivos que não seguem essa regra.",quando um substantivo e verbo compartilham a mesma forma manual,True,CHAIR (substantivo) = SIT (verbo) com movimento duplo ; PLANE (substantivo) = FLY (verbo) com movimento duplo,29,"You distinguish the part of speech by signing the motion once if it’s a verb and twice if it’s a noun. Like any language, there are exceptions to the rule.",ja_temos,MORF.1.1,"A regra extraída descreve a distinção entre substantivos e verbos por movimento (duplo vs. simples), o que é coberto por MORF.1.1, que explica a derivação de substantivos a partir de verbos por redução e repetição do movimento. Ambas tratam do mesmo fenômeno morfológico, mesmo com diferenças na redação."
ASLFD.005,sintaxe,Ordem sujeito-verbo e verbo-sujeito,"Em frases simples, o sujeito pode vir antes ou depois do verbo sem alterar o significado.",em frases simples com sujeito e verbo,True,HE RAN ; RAN HIM,37,Sign allows you to put the subject before or after the verb when dealing with simple sentences; it doesn’t matter which word comes first.,nao_temos,,"A base de regras não contém nenhuma regra que trate da flexibilidade da ordem sujeito-verbo em frases simples da ASL. As regras existentes sobre verbos (VERB.3.x) focam em concordância por orientação/localização ou em verbos que exigem sujeito/objeto explícitos, mas nenhuma aborda diretamente a permutabilidade sintática entre sujeito e verbo sem alteração de significado."
ASLFD.006,sintaxe,Posição de objetos diretos,Objetos diretos podem vir antes do sujeito ou depois do verbo.,quando um objeto direto é adicionado à frase,True,HE SELLS FOOD ; FOOD HE SELLS,38,"However, in ASL, the direct object can go either before the subject or after the verb.",nao_temos,,"A regra extraída trata da posição sintática de objetos diretos em frases da ASL, um fenômeno de ordem linear de constituintes. A base de regras da consultoria não aborda explicitamente a ordem de sujeito, verbo e objeto no texto da glosa, focando em morfologia (reduplicação, formação de compostos) e concordância espacial/verbal (orientação, localização), que não se sobrepõem à regra de posição de objetos diretos."
ASLFD.007,sintaxe,Posição de objetos indiretos,"Objetos indiretos são colocados imediatamente após o sujeito, seguidos pela ação.",quando um objeto indireto precede o objeto direto,True,DOG BONE — GIRL — THROW ; ME TEACHER — APPLE GAVE,40,You place the indirect object right after the subject and then show the action.,nao_temos,,"A base de regras não contém nenhuma regra que trate da posição sintática de objetos indiretos em ASL. As regras existentes focam em morfologia (reduplicação, formação de compostos) e concordância verbal (orientação, localização), mas não abordam a ordem de elementos na sintaxe."
ASLFD.008,tempo-aspecto,Indicação de tempo passado,"O tempo passado é indicado pelo sinal FINISH em nível do peito ou acima, geralmente no início da frase.",em frases no passado,True,HE GO — FINISH ; ME EAT — FINISH,34,"To place everything you sign into past tense, you sign finish at chest level or higher... while saying the word fish, a shortened version of finish.",nao_temos,,"A base de regras não contém nenhuma regra sobre indicação de tempo passado em ASL. As regras existentes abordam morfologia, pronomes e verbos, mas nenhuma menciona o uso do sinal FINISH ou outros marcadores temporais no texto da glosa."
ASLFD.009,tempo-aspecto,Indicação de tempo futuro,"O tempo futuro é indicado pelo sinal WILL no final da frase, com a distância do corpo indicando a proximidade do futuro.",em frases no futuro,True,HE GO — WILL ; MY HOUSE — M-I-K-E — WALK — WILL,34,"You indicate future tense by signing and saying will at the end of a sentence. The farther you sign the word will from the front of your body, the farther into the future you go.",nao_temos,,"A base de regras não contém nenhuma regra sobre indicação de tempo futuro na ASL. As regras existentes sobre verbos (VERB.3.x) tratam de concordância, direcionalidade e classificadores, mas nenhuma menciona o uso de 'WILL' ou marcas temporais no final da frase. A regra extraída aborda um fenômeno novo e específico de aspecto-temporal não coberto pela base."
ASLFD.010,tempo-aspecto,Indicação de ação não concluída,"Ações não concluídas são indicadas pelo sinal NOT YET no final da frase, acompanhado de movimento de cabeça negativo.",em frases sobre ações não concluídas,True,ME EAT — NOT YET,35,"To show that you’re not yet finished with or you haven’t even started a task, sign the unaccomplished deed and then sign not yet while shaking your head slightly from side to side.",nao_temos,,"A base de regras não contém nenhuma regra sobre indicação de ação não concluída com o sinal 'NOT YET' e movimento de cabeça negativo. As regras existentes abordam morfologia, pronomes e verbos, mas não fenômenos de tempo-aspecto com essa marcação específica."
ASLFD.011,sintaxe,Posição de adjetivos e advérbios,Adjetivos e advérbios geralmente vêm após a palavra que modificam.,quando um adjetivo ou advérbio modifica um substantivo ou verbo,True,PRETTY GIRL ; RUN VERY FAST,32,you typically place the adjective or adverb... after the word it modifies.,nao_temos,,"A base de regras não contém nenhuma regra sobre a posição de adjetivos e advérbios em ASL. As regras existentes abordam morfologia (derivação, reduplicação), pronomes e verbos, mas não tratam da ordem sintática de modificadores. A regra extraída é nova para a base."
ASLFD.012,morfologia,Formação de agentes por personificação,Adicionar um agente (glide das palmas) a um verbo cria um substantivo derivado (ex.: WRITE + AGENT = WRITER).,quando um verbo é seguido por um agente,True,WRITE + AGENT = WRITER ; FLY + AGENT = PILOT ; SUPERVISE + AGENT = SUPERVISOR,50,"In ASL, turning a verb into a person is called personification. You do it with two simple motions: Sign the verb and then glide the heels of your hands down the sides of your body with your fingers extended outward. The result of this is an agent.",nao_temos,,"A regra extraída trata da formação de substantivos derivados por adição de um agente (glide das palmas) a um verbo, fenômeno não coberto por nenhuma regra da base. As regras existentes abordam derivação por movimento (MORF.1.1), compostos (MORF.1.2), numerais incorporados (MORF.1.3) e reduplicação (MORF.1.4), mas nenhuma menciona a personificação ou adição de agentes específicos como mecanismo de derivação."
ASLFD.013,sintaxe,Sentenças condicionais com 'IF',"Sentenças condicionais usam 'IF' com sobrancelhas levantadas, seguido pelo restante da frase com sobrancelhas normais.",presença de palavra condicional como 'IF',True,IF BEER ORDER YOU — WINE ORDER ME,49,"Sign the conditional word while raising your eyebrows, but then follow with the rest of the conditional phrase and sentence with your eyebrows back down in their normal position.",nao_temos,,"A base de regras não contém nenhuma regra sobre sentenças condicionais com 'IF' ou sobre o uso de sobrancelhas levantadas como marcador não-manual para condicionais. As regras existentes sobre marcadores não-manuais (como em PRON.2.5) se aplicam a perguntas (WH-questions), não a estruturas condicionais."
ASLFD.014,sintaxe,Classificadores de tamanho e forma,Classificadores (handshapes A/C/F) são usados após o sujeito para detalhar objetos/relações.,quando detalhes específicos são necessários após o sujeito,True,"A (vase, stop sign) ; C (muscle, glass) ; F (coins, polka dots)",52,"Classifiers are nothing more than handshapes that are grouped into categories with a specific purpose as describing something... Since classifiers show detailed information, do not use them until after you have explained the subject of the matter then explain the specifics by using classifiers.",parcial,VERB.3.9,"A base já menciona classificadores como verbos espaciais (VERB.3.9), mas a regra extraída aborda especificamente o uso de classificadores de tamanho/forma (handshapes A/C/F) após o sujeito para detalhar objetos/relações, uma nuance sintática não coberta na base."
ASLFD.015,sintaxe,Evitar verbos 'to be',"Verbos 'to be' (am, are, was, etc.) não existem em ASL; usar TRUE para afirmações declarativas.",uso de verbos 'to be',True,IS (não existe em ASL) ; TRUE (usado para afirmação),55,"Never sign am, are, was, were, be, being, or been. They aren’t used in ASL... It is used for affirmation so put the Sign TRUE at the end of a sentence for anything declarative.",nao_temos,,"A regra extraída trata da ausência de verbos 'to be' em ASL e sua substituição por 'TRUE', fenômeno não abordado em nenhuma regra da base. As regras existentes sobre verbos (VERB.3.x) focam em concordância, classificadores e verbos direcionais, mas não mencionam a ausência de verbos de ligação como 'to be'."
ASLFD.016,pergunta,Formação de perguntas com Q,Perguntas são formadas adicionando Q no final da frase.,quando uma pergunta é feita,True,SIGN YOU Q ; DEAF YOU Q ; WHAT’S UP,57,"If you ask a question, raise your eyebrows and tilt your head forward; doing so shows others that your sentence is a question and that you’re waiting for a response.",nao_temos,,"A regra extraída trata da formação de perguntas gerais com o marcador 'Q' (não-manual), enquanto a base só menciona marcadores não-manuais em perguntas WH (PRON.2.5). A formação de perguntas simples (sim/não) com o marcador 'Q' não está contemplada na base."
ASLFD.017,verbos,Uso do verbo 'FINISH',O verbo 'FINISH' pode indicar tempo passado ou ser usado como reprimenda dependendo do contexto.,quando 'FINISH' é usado,True,FINISH (tempo passado) ; FINISH (reprimenda),45,Although finish is used at the beginning of a sentence to show past tense... it’s also used as humor in Sign to indicate 'enough already' and as a reprimand meaning 'stop that'.,nao_temos,,"A regra extraída aborda o uso contextual do verbo 'FINISH' para indicar tempo passado ou reprimenda, fenômeno não contemplado em nenhuma regra da base. As regras existentes focam em aspectos morfológicos, concordância, classificadores e verbos direcionais, mas não em variações semânticas contextuais de verbos específicos."
ASLFD.018,morfologia,Fingerspelling para nomes próprios,"Quando introduzindo-se, o nome completo é soletrado com a mão (fingerspelling) em ASL.",Introdução de nome próprio em conversa,True,HI — D-E-E ME ; NICE MEET YOU — C-A-M-E-R-O-N ME,60,"Keep in mind that when someone asks you your name, sign your first and last name — it’s good manners.",nao_temos,,"A regra extraída trata da utilização de fingerspelling para nomes próprios em contextos de autointrodução, um fenômeno morfológico específico não abordado em nenhuma das regras da base. As regras existentes focam em derivação verbal-substantiva, compostos, numerais, pronomes e verbos, mas não mencionam fingerspelling ou nomes próprios."
ASLFD.019,morfologia,Ausência de títulos (Mr./Mrs./Ms.),"Títulos como Mr., Mrs. ou Ms. não são usados em ASL; o nome completo é sempre soletrado.",Referência a nomes com títulos,True,HI — D-E-E ME ; NICE MEET YOU — C-A-M-E-R-O-N ME,61,"Titles, such as Mr., Mrs., and Ms., aren’t used in ASL. Simply spell out the person’s name.",nao_temos,,"A base de regras não contém nenhuma regra que trate da ausência de títulos (como Mr./Mrs./Ms.) em ASL ou da necessidade de soletrar nomes completos. As regras existentes abordam morfologia (derivação, compostos, reduplicação) e pronomes, mas não fenômenos relacionados a convenções de nomenclatura ou títulos sociais."
ASLFD.020,sintaxe,Ordem Núcleo-Adjunto (N + Adj),Adjetivos em ASL geralmente seguem o núcleo (substantivo) na estrutura da frase.,Descrição de características de objetos/nomes,True,EVERYTHING EXPENSIVE ; STAMP COST — INCREASE TOO,63,Take a look at some signs for feelings and emotions: SAD HAPPY ANGRY...,nao_temos,,"A base de regras não contém nenhuma regra sobre a ordem sintática de núcleo-adjunto (N + Adj) em ASL. As regras existentes abordam morfologia, pronomes e verbos, mas nenhuma trata da posição dos adjetivos em relação aos substantivos."
ASLFD.021,pronomes,Pronomes espaciais,"Pronomes em ASL são representados por posições no espaço, não por palavras distintas.",Referência a sujeito/objeto na frase,True,ANGRY ME ; ME TOO,65,"Dee: Me, too. Sign: ME TOO",ja_temos,PRON.2.2,"A regra PRON.2.2 da base já aborda a utilização do espaço tridimensional para representar pronomes, atribuindo localizações específicas a referentes e exigindo sua retomada nesses locais. Isso corresponde semanticamente à regra extraída, que destaca que pronomes em ASL são representados por posições no espaço, não por palavras distintas."
ASLFD.022,sintaxe,Conectivos discursivos,"Conectivos como ALSO, BUT, OR são usados para ligar ideias em sequências de pensamento.",Conexão de frases em narrativas,True,ALSO ; BUT ; OR,66,"When you’re ready to connect your thoughts in ASL, use the signs in this section for connectors.",nao_temos,,"A regra extraída trata de conectivos discursivos (ALSO, BUT, OR) para ligar ideias em narrativas, um fenômeno sintático. A base de regras não contém nenhuma regra sobre conectivos ou coordenação de frases, focando apenas em morfologia, pronomes e verbos. Não há correspondência em nenhum dos tópicos existentes."
ASLFD.023,sintaxe,Uso de deslocamento corporal para indicar participantes em diálogo construído,"Em diálogos construídos, o corpo é deslocado lateralmente para assumir a posição de cada participante, mantendo essa posição durante a fala de cada um. O deslocamento para a esquerda ou direita indica alternância entre falantes.",quando descreve conversas com múltiplos participantes,False,Sheri desloca o corpo para a esquerda para representar Aunt Dee ; Sheri desloca o corpo para a direita para representar Aunt Denni,76,"When you engage in Constructed Dialogue, keep a couple of things in mind: Make sure the person with whom you’re signing knows the names of the people you’re talking about and also what the gist of the conversation between the two people was.",nao_temos,,"A regra extraída trata de um fenômeno sintático específico (deslocamento corporal em diálogos construídos), que não é abordado em nenhuma das regras da base, que se concentram em morfologia, pronomes e verbos. As regras existentes não mencionam o uso do corpo para alternância de falantes em contextos dialogais."
ASLFD.024,sintaxe,Ordem de quantidade em expressões numéricas,"Em ASL, a quantidade é expressa após o item, diferente do inglês. A ordem é: ITEM QUANTIDADE. Exemplos: BOOK TWO, CAR FOUR.",quando especifica quantidade de objetos,True,BOOK TWO ; CAR FOUR,78,"When you want to specify more than one item... you sign the item first, followed by the quantity.",nao_temos,,"A regra extraída trata da ordem sintática 'ITEM QUANTIDADE' em expressões numéricas, que não é abordada na base. Embora a base mencione incorporação de numerais (MORF.1.3), isso se refere à fusão fonológica, não à ordem de palavras. Não há regra na base que trate da sequência item-quantidade como fenômeno gramatical independente."
ASLFD.025,morfologia,Orientação da palma nas numerais cardinais,"Números 1-5 e 11-15 são feitos com a palma voltada para o signatário. Números 6-10 e 16-19 são feitos com a palma voltada para o destinatário. Exceções incluem expressões de hora, onde a palma sempre aponta para o destinatário.",quando sinaliza números cardinais,False,1-5 com palma para o signatário ; 6-10 com palma para o destinatário,80,"When you’re indicating quantity and counting things, sign the numbers 1 through 5 and 11 through 15 with your palm facing you and the numbers 6 through 10 and 16 through 19 with your palm facing the person to whom you’re signing.",nao_temos,,"A regra extraída trata da orientação da palma em numerais cardinais (1-5/11-15 vs 6-10/16-19), um fenômeno morfológico específico não abordado em nenhuma regra da base. As regras existentes sobre numerais ([MORF.1.3]) focam em incorporação a substantivos/verbos, não em orientação da palma."
ASLFD.026,morfologia,Formação de numerais ordinais,"Numerais ordinais são formados com um giro do pulso para dentro enquanto se sinaliza o número correspondente. Exemplos: FIRST (com giro do pulso), SECOND (com giro do pulso), THIRD (com giro do pulso).",quando indica posição ordinal,False,FIRST com giro do pulso ; SECOND com giro do pulso,84,"To indicate an ordinal number in ASL, twist your wrist inward while signing the respective number.",nao_temos,,"A base de regras não contém nenhuma regra sobre formação de numerais ordinais por meio de giro do pulso. A regra extraída descreve um fenômeno morfológico específico (giro do pulso para formar FIRST, SECOND, etc.) que não é abordado em nenhuma das regras existentes, incluindo a incorporação de numerais (MORF.1.3), que trata de números como modificador de substantivos/verbos, não de ordinais."
ASLFD.027,sintaxe,Posição temporal no início da frase,Expressões de tempo devem ser colocadas o mais próximo possível do início da frase para contextualizar o evento. Exemplo: TIME FACTOR + SUJEITO + PREDICADO.,quando expressa tempo em frases,True,MORNING + SUJEITO ; TOMORROW + SUJEITO,85,"you should put the expression of time as close to the beginning of the sentence as possible; that is, you generally express the time before the subject.",nao_temos,,"A regra extraída trata da posição temporal no início da frase, um fenômeno sintático. A base de regras não contém nenhuma regra sobre ordem de constituintes ou posicionamento de expressões temporais no nível sintático. As regras existentes focam em morfologia, pronomes e verbos, mas não em estrutura frasal ou ordem de palavras."
ASLFD.028,morfologia,Orientação da palma em números de telefone,Números de telefone e outros códigos numéricos são sinalizados com a palma voltada para o destinatário. Alguns signatários usam o dedo indicador para sinalizar PARÊNTESE antes do código de área.,quando sinaliza números de telefone,False,PHONE-NUMBER com palma para o destinatário,85,"sign the numbers with your palm facing outward, toward the person to whom you’re giving the information.",nao_temos,,"A regra extraída trata da orientação da palma em números de telefone, um fenômeno específico de sinais numéricos. Nenhuma regra da base aborda a orientação da palma em contextos numéricos ou a marcação de parênteses com o dedo indicador, que são aspectos exclusivos de números e códigos. As regras existentes sobre orientação (VERB.3.1-3.3) se aplicam a verbos, não a números."
ASLFD.029,sintaxe,Movimento para contagem em listas,"Ao contar itens em listas, o signatário usa movimentos pequenos laterais ou descendentes para seguir o padrão da lista. O movimento acompanha a direção da lista (horizontal ou vertical).",quando conta itens em listas,False,contagem com movimento lateral ; contagem com movimento descendente,79,Follow the pattern in the list when you sign; just count with a small motion either sideways or downward.,nao_temos,,"A regra extraída trata de movimentos específicos para contagem em listas, um fenômeno sintático não abordado em nenhuma regra da base. As regras existentes focam em morfologia (reduplicação, formação de compostos) e pronomes, mas não mencionam padrões de movimento para listas ou contagem."
ASLFD.030,morfologia,Formação de meses com abreviaturas e soletração,"Meses podem ser formados com abreviaturas (ex.: JAN, FEB) ou soletração completa (ex.: MARCH, APRIL).",Quando se refere a meses no calendário,True,"JAN 22, 2022 ; MARCH 17, 2022",89,"The months that you can abbreviate are Jan., Feb., Aug., Sept., Oct., Nov., and Dec. The months that you should completely spell out are March, April, May, June, and July.",nao_temos,,"A regra extraída trata da formação de meses no texto escrito (abreviaturas ou soletração completa), fenômeno não abordado em nenhuma regra da base. As regras existentes focam em derivação morfológica, compostos, numerais incorporados e reduplicação, mas não em representação de meses."
ASLFD.031,sintaxe,Ordem de elementos em perguntas sim/não,Perguntas sim/não seguem a ordem: verbo + sujeito + objeto + marcador de pergunta (Q).,Frase interrogativa sim/não,True,7 P.M. — MY HOUSE — COME — CAN YOU — Q ; UPSTAIRS — GO ME CAN Q,90,Sign: 7 P.M. — MY HOUSE — COME — CAN YOU — Q,nao_temos,,"A base de regras não contém nenhuma regra sobre a ordem de elementos em perguntas sim/não. As regras existentes sobre perguntas focam em pronomes interrogativos (WH-questions) ou em marcadores não-manuais, mas não abordam a estrutura sintática específica de perguntas sim/não com a ordem verbo + sujeito + objeto + marcador."
ASLFD.032,sintaxe,Estrutura tópico-comentário em endereços,Endereços seguem a estrutura: tópico (localização) + comentário (detalhes).,Declaração de endereço,True,REMEMBER — HOUSE — WEST — D-R — 3-2-9 ; HOUSE — THIRD RIGHT — STREET — WEST — D-R,91,Sign: REMEMBER — HOUSE — WEST — D-R — 3-2-9,nao_temos,,"A regra extraída trata da estrutura tópico-comentário em endereços, um fenômeno sintático específico. A base de regras não contém nenhuma regra sobre estrutura sintática de endereços ou uso de tópico-comentário em ASL, focando apenas em morfologia, pronomes e verbos."
ASLFD.033,verbos,Concordância direcional em verbos,Verbos direcionais indicam posição/ação usando orientação espacial (ex.: THIRD RIGHT).,Indicação de posição/ordem,True,HOUSE — THIRD RIGHT — STREET — WEST — D-R,92,Sign: HOUSE — THIRD RIGHT — STREET — WEST — D-R,conflito,VERB.3.8,"A regra extraída e a base abordam verbos direcionais e sua relação com o espaço, mas divergem na verificabilidade no texto. A base afirma que a direcionalidade NÃO se verifica no texto, enquanto a regra extraída afirma que é verificável (ex.: 'THIRD RIGHT')."
ASLFD.034,sintaxe,Estrutura de frases declarativas,Frases declarativas seguem a ordem: sujeito + verbo.,Declaração simples,True,DOOR — LOCKED ; KITCHEN — HOT,96,Sign: DOOR — LOCKED,nao_temos,,"A base de regras não contém nenhuma regra sobre a estrutura sintática de frases declarativas ou ordem de palavras (sujeito + verbo). Todas as regras existentes tratam de morfologia (derivacão, reduplicação, classificadores) ou pronomes, mas nenhuma aborda a ordem sintática de constituintes no texto da glosa."
ASLFD.035,pergunta,Estrutura de perguntas sobre posse,Perguntas sobre posse seguem a ordem: tópico + marcador de pergunta (Q).,Pergunta sobre posse,True,BEDROOM — YOURS Q,101,Sign: BEDROOM — YOURS Q,nao_temos,,"A regra extraída trata especificamente de perguntas sobre posse seguindo a estrutura 'tópico + marcador de pergunta (Q)', fenômeno não abordado em nenhuma regra da base. As regras existentes sobre pronomes interrogativos (PRON.2.5) cobrem WH-questions em geral, mas não especificam a estrutura de perguntas de posse com esse padrão."
ASLFD.036,sintaxe,Ordem sujeito-verbo,"Em frases afirmativas, o verbo segue o sujeito (ex.: COUCH — SIT).",Frase com localização e ação,True,COUCH — SIT ; LAMP O-N ; MY CARPET — WHITE,105,English: Sit on the couch. Sign: COUCH — SIT,nao_temos,,"A regra extraída trata da ordem linear sujeito-verbo em frases afirmativas, um fenômeno sintático. A base de regras da consultoria não contém nenhuma regra que aborde a ordem linear de constituintes (sujeito-verbo) no texto da glosa. As regras existentes focam em morfologia (reduplicação, formação de compostos) ou em concordância espacial/verbal, mas não em ordem sintática."
ASLFD.037,sintaxe,Posição dos adjetivos,Adjetivos aparecem após o substantivo (ex.: PICTURE — PRETTY).,Frase com descrição de objeto,True,PICTURE — PRETTY ; MY CARPET — WHITE,106,English: The picture is pretty. Sign: PICTURE — PRETTY,nao_temos,,"A base de regras não contém nenhuma regra sobre a posição de adjetivos em relação a substantivos. As regras existentes tratam de morfologia (derivação, reduplicação, compostos) e pronomes, mas não abordam a ordem sintática de adjetivos após substantivos, que é o fenômeno descrito na regra extraída."
ASLFD.038,sintaxe,Lista de objetos + verbo,Listas de objetos precedem o verbo (ex.: COUCH LAMP PICTURES — NEED US).,Frase com múltiplos objetos e verbo,True,COUCH LAMP PICTURES — NEED US,108,Sign: COUCH LAMP PICTURES — NEED US,nao_temos,,"A regra extraída trata de uma estrutura sintática específica (objetos precedendo o verbo em listas), que não é abordada em nenhuma regra da base. As regras de verbos da base focam em concordância, classificadores e direcionalidade, mas não mencionam a ordem de objetos múltiplos em relação ao verbo."
ASLFD.039,pronomes,Referência espacial a entidades ausentes,Entidades ausentes são referenciadas por pontos específicos no espaço usando o dedo indicador (ex.: HOUSE YARD — BIG).,Mencão a pessoa/objeto não presente,False,HOUSE YARD — BIG ; KITCHEN — WANT SEE ME,107,All you have to do to discuss someone who isn’t physically present is assign that person a point in the space near your passive hand.,ja_temos,PRON.2.2,"A regra PRON.2.2 já aborda a referenciação espacial de entidades, incluindo a atribuição de localização no espaço para referentes e sua retomada. A regra extraída é um caso específico dessa mecânica, mas o fenômeno central (uso do espaço para referir entidades ausentes) já está contemplado na base."
ASLFD.040,pergunta,Formação de perguntas,"Palavras interrogativas aparecem no final da frase, seguidas do sinal Q (ex.: KITCHEN — WANT SEE ME Q).",Frase interrogativa com palavras-chave,True,KITCHEN — WANT SEE ME Q,117,You simply put the question word at the end of the sentence... the letter Q follows all ASL examples and dialogues that are questions.,parcial,PRON.2.5,"A base já menciona que pronomes interrogativos (WH-questions) podem estar no final da frase, mas não aborda explicitamente a marcação do sinal Q após a palavra interrogativa, que é a nuance adicional da regra extraída."
ASLFD.041,pergunta,Formação de perguntas com verbo + WHO/WHAT + Q,Perguntas em ASL seguem a estrutura verbo seguido do pronome interrogativo e marcador de pergunta (Q).,"Frase interrogativa com 'who', 'what', etc.",True,GOING — WHO Q ; MEAN — WHAT Q,120,Check out the following examples of short questions: English: Who is going? Sign: GOING — WHO Q,ja_temos,PRON.2.5,"A regra PRON.2.5 já aborda a formação de perguntas interrogativas com WH-questions (WHO, WHAT, WHERE etc.), incluindo a marcação não-manual (Q) e a posição dos pronomes interrogativos no texto. A estrutura 'verbo + WHO/WHAT + Q' da regra extraída está contida na descrição geral de PRON.2.5 sobre a formação de perguntas com WH-questions."
ASLFD.042,pergunta,Pronome implícito em perguntas,"O sujeito 'you' pode ser omitido em perguntas diretas, sendo implícito pelo contexto da interação.",Pergunta direta a alguém já identificado,True,MEAN — WHAT Q,120,Sign: MEAN — WHAT Q (the word 'you' is implied because you’re talking to that person already),nao_temos,,"A regra extraída trata da omissão do sujeito 'you' em perguntas diretas quando o contexto já identifica o destinatário. Nenhuma regra da base menciona a omissão de pronomes em perguntas, mesmo que PRON.2.5 aborde perguntas interrogativas, as exemplos incluem o pronome explicitamente (ex.: 'WHERE YOU FIND?'). A base não contempla a possibilidade de omissão contextual."
ASLFD.043,pronomes,Ordem de pronomes possessivos,"Pronomes possessivos podem vir antes ou depois do substantivo, sem alterar o significado",Quando um pronome possessivo é usado com um substantivo,True,DOG MINE ; MY DOG,140,Put the possessive pronoun sign before or after the person or thing you’re signing; the order doesn’t matter.,parcial,PRON.2.3,"A base (PRON.2.3) aborda pronomes possessivos como determinantes, mas não menciona a flexibilidade de ordem (antes/depois do substantivo) sem alteração de significado, que é a nuance central da regra extraída."
ASLFD.044,sintaxe,Ordem em frases direcionais,"A ordem é ponto de referência, seguido do alvo e da direção",Quando se dá direções usando pontos de referência,True,STORE — MY HOUSE — WEST,145,My house is west of the store. Sign: STORE — MY HOUSE — WEST,nao_temos,,"A regra extraída trata da ordem sintática em frases direcionais (referência, alvo, direção), um fenômeno de sintaxe não abordado em nenhuma regra da base, que foca em morfologia, pronomes e verbos, mas não em estrutura frasal direcional."
ASLFD.045,morfologia,Reduplicação para repetição,Repetir o sinal para indicar ação repetida,Quando se quer expressar ação repetida,True,RIGHT — RIGHT,146,Notice that you don’t sign the word twice; you simply sign right twice,ja_temos,MORF.1.4,"A regra extraída sobre reduplicação para ação repetida está contemplada na base como parte da regra MORF.1.4, que menciona a reduplicação para indicar aspecto verbal (como ação repetida). A base já abrange esse fenômeno, mesmo que com uma formulação mais abrangente."
ASLFD.046,sintaxe,Ordem sujeito-verbo com sujeito singular,O verbo precede o pronome sujeito singular,Frases com sujeito singular,True,RICH HIM,142,He is rich. Sign: RICH HIM,nao_temos,,"A regra extraída trata da ordem sujeito-verbo com sujeito singular (verbo precede pronome sujeito), fenômeno não abordado em nenhuma regra da base. As regras da base sobre verbos (ex.: VERB.3.6 e VERB.3.7) descrevem ordens sujeito-verbo-objeto ou sujeito-objeto-verbo, mas não mencionam inversão com sujeito singular."
ASLFD.047,sintaxe,Ordem sujeito-verbo com sujeito plural,O sujeito (substantivo) precede o verbo e o pronome,Frases com sujeito plural,True,GOLD HAVE THEM,143,They have gold. Sign: GOLD HAVE THEM,ja_temos,VERB.3.7,"A regra [VERB.3.7] já estabelece que em verbos simples (plain verbs), o sujeito e o objeto devem aparecer como sinais separados, seguindo a ordem sujeito-verbo-objeto. A regra extraída é um caso específico dessa estrutura geral, aplicando-se a sujeitos plurais, mas a base já contempla a ordem sujeito-verbo como parte da sintaxe dos verbos simples."
ASLFD.048,pronomes,Formação de perguntas possessivas,"Usar o possuidor, o objeto e um sinal de interrogação",Perguntas sobre posse,True,T-O-N-Y — COAT — Q,138,"Fingerspell the name of the person, point to the item you’re talking about, and sign a question mark",parcial,PRON.2.5,"A base já aborda pronomes interrogativos (PRON.2.5), incluindo exemplos como 'MY DAUGHTER VERY-SICK', mas não especifica a estrutura de perguntas possessivas que combinam possuidor, objeto e sinal de interrogação. A regra extraída acrescenta uma condição relevante sobre a formação de perguntas de posse, que não está explicitamente coberta na base."
ASLFD.049,sintaxe,Estrutura tópico-comentário,"A estrutura básica de frase em ASL segue o padrão tópico-comentário, onde o tópico (informação já conhecida) precede o comentário (nova informação).",frase declarativa com referência a contexto anterior,True,HERE CROSS STREET — NORTH GO ME ; LAKE ARRIVE — RIGHT TURN,150,Sign: HERE CROSS STREET — NORTH GO ME,nao_temos,,"A base de regras não contém nenhuma regra que trate da estrutura tópico-comentário em ASL. As regras existentes focam em morfologia (derivação, reduplicação, compostos) e em pronomes/verbos (concordância, uso do espaço), mas nenhuma aborda a organização sintática de frases em termos de tópico e comentário."
ASLFD.050,sintaxe,Formação de perguntas,"Perguntas diretas são formadas com a palavra-chave interrogativa no início da frase, seguida do verbo e do sujeito, terminando com a marcação facial de pergunta (Q).",pergunta direta com palavra interrogativa,True,MUSEUM WHERE — KNOW YOU Q ; APPLES ORANGES — WANT YOU — WHICH,149,Sign: MUSEUM WHERE — KNOW YOU Q,ja_temos,PRON.2.5,"A regra PRON.2.5 já aborda a formação de perguntas com palavras interrogativas (WHO, WHAT, WHERE etc.) no início da frase, acompanhadas de marcadores não-manuais (expressão facial). A estrutura descrita (palavra interrogativa + verbo + sujeito) está alinhada com exemplos como 'WHAT TIME?' e 'WHERE YOU FIND?', que seguem a ordem mencionada na regra extraída."
ASLFD.051,verbos,Direcionalidade verbal,Verbos direcionais em ASL indicam direção ou localização usando a orientação do espaço ou a posição das mãos.,verbo que indica movimento ou localização,True,BRIDGE — GO OVER ; MOUNTAIN BASE — SMALL STORE — THERE,156,Sign: BRIDGE — GO OVER,conflito,VERB.3.8,"A base já aborda verbos direcionais (VERB.3.8), mas afirma que a direcionalidade NÃO é verificável no texto, enquanto a regra extraída afirma que é verificável por texto. Isso cria uma incompatibilidade na verificabilidade do fenômeno."
ASLFD.052,sintaxe,Conjunções contrastivas,"A conjunção 'BUT' é usada para contrastar duas orações, posicionada entre elas.",contraste entre duas ações ou situações,True,PARTY GO — BUT HOME MIDNIGHT — MUST YOU,159,Sign: PARTY GO — BUT HOME MIDNIGHT — MUST YOU,nao_temos,,"A regra extraída trata de conjunções contrastivas (como 'BUT') na sintaxe da ASL, um fenômeno não abordado em nenhuma das regras da base, que se concentram em morfologia, pronomes e verbos. A base não contempla regras sobre conectivos ou estruturas sintáticas de contraste."
ASLFD.053,sintaxe,Conjunções alternativas,"As conjunções 'EITHER' e 'NEITHER' são usadas para apresentar opções ou negações alternativas, seguidas de resposta afirmativa ou negativa.",resposta a pergunta com opções múltiplas,True,EITHER FINE ; NEITHER,162,Sign response: NEITHER,nao_temos,,"A regra extraída trata de conjunções alternativas (EITHER/NEITHER) em respostas a perguntas com múltiplas opções, um fenômeno sintático não abordado em nenhuma das regras da base. As regras existentes focam em morfologia, pronomes e verbos, mas não em estruturas de concordância ou uso de conjunções alternativas."
ASLFD.054,tempo-aspecto,Marcação de conclusão,A palavra 'FINISH' é usada para marcar a conclusão de uma ação antes de outra ação começar.,sequência de ações com conclusão explícita,True,TWO M-I-L-E-S FINISH — GO EAST,150,Sign: YES — BUT TWO M-I-L-E-S FINISH — GO EAST,nao_temos,,"A regra extraída trata da marcação de conclusão de ação com 'FINISH' em sequências, um fenômeno de aspecto-temporal. Nenhuma regra da base aborda explicitamente a função de 'FINISH' como marcador de conclusão de ação em textos, embora regras como [MORF.1.4] mencionem aspecto verbal (lento/rápido), isso não cobre a marcação de conclusão de ação em sequência."
ASLFD.055,tempo-aspecto,Marcação de passado com 'FINISH',A partícula 'FINISH' no início da frase indica tempo passado.,Frase no passado com 'FINISH',True,FINISH — SOUP — BREAD — SERVE,178,Finish at the beginning of a sentence adds past tense to the whole sentence.,nao_temos,,"A base de regras não contém nenhuma regra sobre marcação de tempo verbal, especialmente a utilização da partícula 'FINISH' para indicar passado. As regras existentes abordam morfologia, pronomes e concordância verbal, mas nenhuma trata de marcas temporais no texto."
ASLFD.056,sintaxe,Ordem adjetivo-substantivo,Adjetivos precedem o substantivo na estrutura da frase.,Frase com adjetivo e substantivo,True,COLD O-J ; STEAK — R-A-R-E,178,The orange juice is cold. Sign: COLD O-J,nao_temos,,"A base de regras não contém nenhuma regra sobre ordem sintática de adjetivo-substantivo. Todas as regras existentes tratam de morfologia, pronomes ou verbos, mas nenhuma aborda a estrutura sintática de frases com adjetivos e substantivos."
ASLFD.057,negacao,Negação com 'NOT',A partícula 'NOT' segue o substantivo negado.,Frase com negação de substantivo,True,EGGS WANT — CEREAL NOT — ME,169,"English: I want eggs, not cereal. Sign: EGGS WANT — CEREAL NOT — ME",nao_temos,,A base de regras não contém nenhuma regra sobre negação com 'NOT' ou posicionamento de partículas negativas em relação a substantivos. A regra extraída trata de um fenômeno específico de negação que não está mapeado na base atual.
ASLFD.058,sintaxe,Ordem quantidade-substantivo,A quantidade precede o substantivo na estrutura da frase.,Frase com quantidade e substantivo,True,THREE BOWLS — NEED ME,165,English: I need three bowls. Sign: THREE BOWLS — NEED ME,nao_temos,,"A regra extraída trata da ordem sintática 'quantidade-substantivo' em frases, um fenômeno de sintaxe. A base de regras não contém nenhuma regra que aborde a ordem de palavras entre quantidade e substantivo. Regras como MORF.1.3 (incorporação de numeral) e PRON.2.3 (possessivos) lidam com numerais, mas não com a ordem sintática em frases."
ASLFD.059,morfologia,Uso de soletração para adjetivos,Adjetivos como 'rare' são representados por soletração manual.,Adjetivo representado por soletração,True,STEAK — R-A-R-E,177,"If you want your steak rare, fingerspell R-A-R-E.",nao_temos,,"A base de regras não contém nenhuma regra que trate da formação ou representação de adjetivos por meio de soletração manual. As regras existentes abordam derivação verbo-substantivo, compostos, incorporação de numerais, reduplicação e pronomes, mas não mencionam o uso de soletração para adjetivos."
ASLFD.060,sintaxe,Estrutura tópico-comentário,A estrutura da frase começa com o tópico (pedido) seguido do comentário (objetos e ação).,Frase de pedido,True,PLEASE — FORK — KNIFE — SPOON — NEED ME,165,"English: I need another place setting, please. Sign: PLEASE — FORK — KNIFE — SPOON — NEED ME",nao_temos,,"A regra extraída trata de uma estrutura sintática de tópico-comentário, que não é abordada em nenhuma das regras da base. As regras existentes focam em morfologia, pronomes e verbos, mas não em estruturas frasais ou sintaxe."
ASLFD.061,sintaxe,Estrutura tópico-comentário,A estrutura de frase em ASL frequentemente coloca o tópico (informação já conhecida) seguido do comentário (nova informação).,quando uma frase contém um tópico e um comentário relacionado,True,English: I’d like a potato with my fish. Sign: MY FISH — POTATO TOGETHER — WANT ME ; English: She likes tortillas. Sign: TORTILLAS — SHE LIKES,179,Sign: MY FISH — POTATO TOGETHER — WANT ME,nao_temos,,"A regra extraída trata de uma estrutura sintática (tópico-comentário) que não é abordada em nenhuma das regras existentes da base, que se concentram em morfologia, pronomes e verbos. A base não possui categorias ou regras explicitamente dedicadas à sintaxe ou à organização de frases em ASL."
ASLFD.062,sintaxe,Posição dos adjetivos,Adjetivos em ASL geralmente seguem imediatamente o substantivo que modificam.,quando um adjetivo modifica um substantivo,True,English: Tostadas are cheap. Sign: TOSTADA — CHEAP ; English: The coffee is strong. Sign: COFFEE — STRONG,183,Sign: TOSTADA — CHEAP,nao_temos,,"A base de regras não contém nenhuma regra que trate da posição de adjetivos em relação aos substantivos. As regras existentes abordam morfologia (derivação, compostos, reduplicação), pronomes e verbos, mas não mencionam a ordem sintática adjetivo-substantivo, que é o fenômeno gramatical da regra extraída."
ASLFD.063,pergunta,Formação de perguntas diretas,Perguntas diretas em ASL frequentemente colocam a palavra-chave da pergunta após o tópico e terminam com o marcador de interrogação 'Q'.,quando uma pergunta direta é formada com palavra-chave,True,English: What would you like to drink? Sign: DRINK — WANT WHAT Q,186,Sign: DRINK — WANT WHAT Q,parcial,PRON.2.5,"A base já aborda marcadores não-manuais para perguntas interrogativas (WH-questions), mas não menciona explicitamente a estrutura de colocar a palavra-chave da pergunta após o tópico ou o uso específico do marcador 'Q' no final. A regra extraída acrescenta uma condição de formação estrutural que não está detalhada na base."
ASLFD.064,sintaxe,Marcador de futuro,Frase no futuro em ASL frequentemente termina com o marcador 'WILL' após o verbo.,quando uma ação está no futuro,True,English: We will eat dinner at a restaurant. Sign: RESTAURANT — EVENING FOOD — EAT THERE — WE WILL,182,Sign: RESTAURANT — EVENING FOOD — EAT THERE — WE WILL,nao_temos,,"A base de regras não contém nenhuma regra sobre marcadores de futuro ou uso do sinal 'WILL' para indicar tempo verbal futuro. As regras existentes sobre verbos focam em concordância espacial, classificadores e aspectos morfológicos, mas não abordam marcas temporais no texto da glosa."
ASLFD.065,sintaxe,Ordem SOV (sujeito-objeto-verbo),A ordem padrão de sinais em frases afirmativas é: pronome possessivo + objeto + verbo,frase afirmativa com verbo de ação,True,YOUR COAT WEAR ; SCARF WHITE ; HER BELT — LEATHER,195,English: Wear your coat. Sign: YOUR COAT WEAR,nao_temos,,"A regra extraída trata da ordem SOV (sujeito-objeto-verbo) em frases afirmativas, com ênfase em possessivo + objeto + verbo. A base de regras não contém nenhuma regra que aborde a ordem sintática de sinais em ASL, especialmente não menciona SOV como padrão ou condição específica. As regras sobre verbos (como [VERB.3.7]) descrevem a necessidade de sujeito e objeto como sinais separados, mas não especificam a ordem dos sinais no texto."
ASLFD.066,sintaxe,Adjetivo após o substantivo,Adjetivos seguem o substantivo no qual se aplicam,descrição de características de objetos,True,SCARF WHITE ; HER DRESS — BLUE WHITE ; HE WORE A YELLOW COTTON SHIRT,195,English: The scarf is white. Sign: SCARF WHITE,nao_temos,,"A regra extraída trata da posição dos adjetivos após o substantivo em ASL, um fenômeno sintático não abordado em nenhuma das regras da base. As regras existentes focam em morfologia (reduplicação, formação de compostos) e pronomes, mas não mencionam a ordem adjetivo-substantivo."
ASLFD.067,pergunta,Formação de perguntas sim/não,Perguntas sim/não são formadas com o sinal Q no final da frase,pergunta binária (sim/não),True,GLOVES YOURS Q ; MY SWEATER — WHERE Q ; T-SHIRT SHOP — OPEN — WHEN Q,195,Sign: GLOVES YOURS Q,nao_temos,,A base de regras não contém nenhuma regra sobre formação de perguntas sim/não com o sinal Q no final da frase. As regras existentes sobre perguntas (PRON.2.5) tratam de WH-questions (interrogativos) e não de perguntas binárias sim/não.
ASLFD.068,sintaxe,Estrutura condicional,"Condições são introduzidas com IF, seguidas pela ação condicional e depois pela consequência",frase com 'if' ou 'se',True,IF PANTS WEAR — HIGH HEELS WEAR NOT ; IF BLOUSE YOU WEAR — TIE ME WEAR,198,Sign: IF PANTS WEAR — HIGH HEELS WEAR NOT,nao_temos,,"A base de regras não contém nenhuma regra sobre estruturas condicionais introduzidas por 'IF' ou 'se'. As regras existentes abordam morfologia, pronomes e verbos, mas nenhuma trata de estruturas sintáticas condicionais, que é o fenômeno gramatical da regra extraída."
ASLFD.069,negacao,Negação após o verbo,A negação é marcada com o sinal NOT imediatamente após o verbo,negação de ação,True,WEAR NOT ; WEAR — HIGH HEELS WEAR NOT,198,Sign: IF PANTS WEAR — HIGH HEELS WEAR NOT,nao_temos,,"A base de regras não contém nenhuma regra sobre negação na ASL, incluindo marcação ou posicionamento do sinal NOT. A regra extraída trata de um fenômeno (negação após o verbo) que não é abordado em nenhuma das categorias existentes (morfologia, pronomes ou verbos)."
ASLFD.070,tempo-aspecto,Marcação de tempo passado,O tempo passado é marcado com o sinal FINISH antes da ação,ação concluída no passado,True,FINISH — HE WEAR SHIRT — YELLOW COTTON,208,Sign: FINISH — HE WEAR SHIRT — YELLOW COTTON,nao_temos,,"A base de regras não contém nenhuma regra sobre marcação de tempo passado com o sinal FINISH. As regras existentes sobre verbos focam em concordância espacial/orientacional, formação de compostos e aspectos morfológicos, mas não abordam marcas temporais específicas como a mencionada na regra extraída."
ASLFD.071,sintaxe,Estrutura tópico-comentário,"O tópico (objeto/assunto) é colocado à esquerda, seguido pelo comentário (atributo/ação)",declaração de características ou ações,True,MY SWEATER — WHERE Q ; HER PURSE — NICE,199,Sign: MY SWEATER — WHERE Q,nao_temos,,"A regra extraída trata de uma estrutura sintática tópico-comentário, que não é abordada em nenhuma das regras da base. As regras existentes focam em morfologia, pronomes e verbos, mas nenhuma menciona a organização tópica da frase ou a relação entre tópico e comentário."
ASLFD.072,pronomes,Pronomes possessivos antes do substantivo,Pronomes possessivos precedem o substantivo ao qual se referem,possessão de objeto,True,YOUR COAT ; MY SWEATER ; HER DRESS,195,English: Where is my sweater? Sign: MY SWEATER — WHERE Q,ja_temos,PRON.2.3,"A regra PRON.2.3 da base já descreve pronomes possessivos como determinantes que precedem o substantivo (ex.: 'MY DAUGHTER', 'YOUR NAME'), o que corresponde à regra extraída sobre a ordem pronomes-possessivos + substantivo. Não há conflito ou nova informação."
ASLFD.073,sintaxe,Ordem sujeito-predicado,A ordem básica de frases declarativas é [sujeito] — [predicado],Frase declarativa simples,True,BLUE DRESS — PRETTY ; BROWN SHOES — BIG,209,Sign: BLUE DRESS — PRETTY,nao_temos,,"A regra extraída trata da ordem sujeito-predicado na sintaxe de frases declarativas, um fenômeno de estrutura frasal. A base de regras existente aborda morfologia (derivação, reduplicação, compostos) e pronomes, mas não inclui regras sobre ordem sintática ou estrutura de frases. Nenhuma regra da base cobre esse fenômeno de sintaxe."
ASLFD.074,pergunta,Formação de perguntas sim/não,Perguntas sim/não são formadas com a marcação Q no final da frase,Pergunta sim/não,True,BLACK SLACKS — YOU LIKE Q ; WHAT IS YOUR SCHEDULE FOR TOMORROW Q,210,Sign: BLACK SLACKS — YOU LIKE Q,nao_temos,,"A base de regras não contém nenhuma regra sobre formação de perguntas sim/não. As regras existentes sobre perguntas (PRON.2.5) tratam apenas de pronomes interrogativos (WH-questions), não de perguntas fechadas sim/não com marcação Q."
ASLFD.075,negacao,Negação com NOT,A negação é marcada pelo sinal NOT no final da frase,Frase negativa,True,A LOT MONEY — HAVE ME — NOT,214,Sign: A LOT MONEY — HAVE ME — NOT,nao_temos,,"A base de regras não contém nenhuma regra sobre negação com o sinal NOT no final da frase. As regras existentes abordam morfologia, pronomes e verbos, mas não mencionam a marcação de negação ou o uso do sinal NOT."
ASLFD.076,sintaxe,Estrutura condicional,Condições são formadas com IF seguido da ação e depois do resultado,Frase condicional,True,IF BLOUSES BUY — PANTS NEED ME,215,Sign: IF BLOUSES BUY — PANTS NEED ME,nao_temos,,"A base de regras não contém nenhuma regra sobre estruturas condicionais na ASL. As regras existentes abordam morfologia (derivacao, reduplicacao), pronomes e verbos, mas nenhuma trata da formacao de condicionais com 'IF' ou estruturas sintáticas condicionais."
ASLFD.077,sintaxe,Comparação de graus,Comparativos são formados com a base do adjetivo seguido de MODIFICADOR,Comparação entre dois itens,True,RED SHIRT — GREEN SHIRT — RED BETTER,217,Sign: RED SHIRT — GREEN SHIRT — RED BETTER,nao_temos,,"A regra extraída trata da formação de comparativos em ASL via sintaxe (adjetivo + modificador), fenômeno não abordado em nenhuma regra da base, que se concentra em morfologia, pronomes e concordância verbal. Não há regra na base que discuta formação de graus comparativos em ASL."
ASLFD.078,sintaxe,Superlativo,Superlativos são formados com a base do adjetivo seguido de TOP/WORST,Superlativo,True,HIS COAT — WARM — TOP ; YOUR SHOES — UGLY — WORST,218,Sign: HIS COAT — WARM — TOP,nao_temos,,"A base de regras não contém nenhuma regra sobre formação de superlativos em ASL, nem menciona o uso de TOP/WORST para esse fim. As regras existentes tratam de derivação morfológica (MORF), pronomes (PRON) e verbos (VERB), mas não abordam fenômenos sintáticos de superlativo."
ASLFD.079,tempo-aspecto,Marcação de passado,O passado é marcado pelo sinal FINISH no início da frase,Evento no passado,True,FINISH — EVENT — CANCEL,222,You sign finish to show that the sentence is in past tense,nao_temos,,"A base de regras não contém nenhuma regra sobre marcação de tempo verbal (passado) com o sinal FINISH no início da frase. As regras existentes sobre aspecto (MORF.1.4) e verbos direcionais (VERB.3.8) não mencionam marcação de passado com um sinal específico, focando em reduplicação, movimento espacial ou classificadores."
ASLFD.080,tempo-aspecto,Marcação de futuro,O futuro é marcado pelo tempo especificado no início da frase,Frase sobre agenda futura,True,TOMORROW — YOUR SCHEDULE — WHAT Q,221,Sign: TOMORROW — YOUR SCHEDULE — WHAT Q,nao_temos,,"A base de regras não contém nenhuma regra sobre marcação de futuro ou fenômenos temporais. A regra extraída trata de um fenômeno de aspecto/tempo (futuro marcado por especificação temporal no início da frase), que não é abordado em nenhuma das regras existentes, que focam em morfologia, pronomes e concordância verbal, mas não em categorias temporais."
ASLFD.081,sintaxe,Estrutura tópico-comentário,"Frase começa com tópico (tempo, local, condição) seguido do comentário (ação/afirmação).","frase com tópico explícito (ex.: 'FINISH', 'DURING')",True,FINISH — NEW MYSTERY — SEE US ; DURING INTERMISSION — LEAVE ME,227,English: We went to see the new mystery. Sign: FINISH — NEW MYSTERY — SEE US,nao_temos,,"A regra extraída trata de uma estrutura sintática de tópico-comentário, que não é abordada em nenhuma das regras da base. As regras existentes focam em morfologia, pronomes e verbos, mas nenhuma menciona organização de frases em tópico e comentário."
ASLFD.082,sintaxe,Ordem condicional,Cláusula condicional precede a cláusula principal.,frase com 'IF' ou equivalente,True,IF MOVIE O-C — ME GO,226,"English: If the movie is open-captioned, I’ll go. Sign: IF MOVIE O-C — ME GO",nao_temos,,"A base de regras não contém nenhuma regra sobre ordem condicional (cláusula condicional precedendo a principal). As regras existentes abordam morfologia, pronomes e verbos, mas nenhuma trata da estrutura sintática de frases condicionais ou ordem de cláusulas."
ASLFD.083,tempo-aspecto,Marcação de tempo passado,Uso de 'FINISH' no início da frase indica ação concluída.,frase referindo-se a evento passado,True,FINISH — NEW MYSTERY — SEE US,227,English: We went to see the new mystery. Sign: FINISH — NEW MYSTERY — SEE US,nao_temos,,"A base de regras não contém nenhuma regra sobre marcação de tempo passado em ASL, nem menciona o uso de 'FINISH' ou outro sinal específico para indicar ação concluída. As regras existentes abordam morfologia, pronomes e verbos, mas não fenômenos de tempo-aspecto relacionados a marcas temporais no início da frase."
ASLFD.084,sintaxe,Estrutura temporal,"Frase começa com marca temporal (ex.: 'AFTERNOON', 'SATURDAY')",frase com referência a horário/data,True,AFTERNOON MOVIE — FUNNY ; SATURDAY MOVIE — O-C,226,English: The matinee was a comedy. Sign: AFTERNOON MOVIE — FUNNY,nao_temos,,"A regra extraída trata da estrutura temporal em ASL, exigindo que frases com referência a horário/data comecem com um marcador temporal. Nenhuma regra na base aborda esse fenômeno sintático específico, pois as regras existentes focam em morfologia (reduplicação, formação de compostos) e pronomes, não em estruturas temporais ou ordem de palavras."
ASLFD.085,sintaxe,Ordem sujeito-verbo-objeto,Sujeito + verbo + objeto em frases afirmativas simples.,frase declarativa com sujeito e objeto explícitos,True,MOVIE — SOLD OUT ; LIGHTS OUT — TALKING STOP,226,English: The movie sold out. Sign: MOVIE — SOLD OUT,nao_temos,,"A base de regras não contém nenhuma regra sobre ordem sintática de frases (SVO) em ASL. As regras existentes abordam morfologia, pronomes e verbos com concordância, mas nenhuma trata da estrutura de frase ou ordem de constituintes, que é o fenômeno gramatical da regra extraída."
ASLFD.086,pergunta,Formação de perguntas sim/não,"Perguntas sim/não são formadas com a adição do sinal Q no final da frase, após o sujeito e o verbo.",frase interrogativa sim/não,True,English: Is that the manager? Sign: MANAGER — HIM (point) Q ; English: Where is the boss? Sign: BOSS — WHERE Q,239,Sign: MANAGER — HIM (point) Q,nao_temos,,"A base não contém regra sobre formação de perguntas sim/não com o sinal Q. As regras existentes sobre perguntas (PRON.2.5) tratam de WH-questions, não de perguntas sim/não, que normalmente usam marcadores não-manuais (expressão facial) e não um sinal Q explícito no texto."
ASLFD.087,negacao,Negação com NO,"A negação é marcada pelo sinal NO no início da frase, seguido pelo sujeito e predicado.",frase negativa,True,"English: No, he is the assistant manager. Sign: NO — ASSISTANT MANAGER — HIM",239,Sign: NO — ASSISTANT MANAGER — HIM,nao_temos,,"A base de regras não contém nenhuma regra sobre negação marcada pelo sinal NO no início da frase. As regras existentes abordam morfologia, pronomes e verbos, mas não tratam de mecanismos de negação."
ASLFD.088,sintaxe,Ordem sujeito-objeto em perguntas wh,"Perguntas wh (onde, quem) seguem a ordem: [wh-word] — [sujeito] — Q",pergunta com palavra interrogativa,True,English: Who is my supervisor? Sign: MY — SUPERVISOR — WHO Q ; English: Where is the stapler? Sign: STAPLER — WHERE — Q,239,Sign: MY — SUPERVISOR — WHO Q,nao_temos,,"A base não contém regra que trate da ordem sintática específica [wh-word] - [sujeito] - Q em perguntas WH. Embora PRON.2.5 mencione marcadores não-manuais e posição de WH, não aborda a estrutura sintática da ordem dos elementos na frase."
ASLFD.089,tempo-aspecto,Marcação de estado/condição,"Verbos que indicam estado/condição (broke, froze) são usados diretamente após o sujeito sem marcação de tempo explícita.",declaração sobre estado/condição,True,English: The copy machine is broken. Sign: COPY MACHINE — BROKE ; English: My computer is frozen. Sign: MY COMPUTER — FROZE,242,Sign: COPY MACHINE — BROKE,nao_temos,,"A regra extraída trata de verbos de estado/condição que não exigem marcação temporal explícita, um fenômeno de aspecto/tempo. Nenhuma regra da base aborda diretamente a relação entre categorias verbais de estado/condição e a ausência de marcação temporal em ASL. As regras existentes focam em concordância, formação de compostos, pronomes e classificadores, mas não em aspectos específicos de verbos de estado."
ASLFD.090,sintaxe,Estrutura de perguntas condicionais,Perguntas condicionais usam a estrutura: IF — [verbo] — [sujeito] — [sujeito] — SAME,frase condicional,True,"English: If you trade stocks, I will, too. Sign: IF TRADE — YOU — ME — SAME",244,Sign: IF TRADE — YOU — ME — SAME,nao_temos,,"A regra extraída trata de estrutura sintática específica para perguntas condicionais (IF + verbo + sujeito + sujeito + SAME), fenômeno não abordado em nenhuma regra da base. As regras existentes sobre perguntas (PRON.2.5) se limitam a pronomes interrogativos (WH-questions), não a estruturas condicionais."
ASLFD.091,sintaxe,Estrutura de perguntas sobre localização,Perguntas sobre localização usam a ordem: [objeto] — WHERE — Q,pergunta sobre localização,True,English: Where is the stapler? Sign: STAPLER — WHERE — Q,242,Sign: STAPLER — WHERE — Q,parcial,PRON.2.5,"A base já aborda perguntas interrogativas (WH-questions) e inclui exemplos com 'WHERE', mas não especifica explicitamente a estrutura sintática [objeto] — WHERE — Q. A regra extraída acrescenta uma condição de ordem que não está formalmente definida na base, embora exemplos como 'WHERE YOU FIND?' sugiram parcialmente esse padrão."
ASLFD.092,sintaxe,Estrutura de perguntas sobre posse,Perguntas sobre posse usam a ordem: [pronome possessivo] — [objeto] — WHO Q,pergunta sobre posse,True,English: Who is my supervisor? Sign: MY — SUPERVISOR — WHO Q,239,Sign: MY — SUPERVISOR — WHO Q,nao_temos,,"A regra extraída trata de uma estrutura específica de perguntas sobre posse (ordem [pronome possessivo] - [objeto] - WHO Q), que não é abordada em nenhuma regra da base. Embora a base mencione pronomes possessivos (PRON.2.3) e pronomes interrogativos (PRON.2.5), nenhuma regra descreve a ordem sintática específica para perguntas de posse."
ASLFD.093,sintaxe,Estrutura de afirmações com sujeito,Afirmações com sujeito seguem a ordem: [sujeito] — [predicado] — TRUE (afirmação),afirmação positiva,True,"English: Dee, she is a good boss. Sign: D-E-E — GOOD BOSS — TRUE (affirmation)",239,Sign: D-E-E — GOOD BOSS — TRUE (affirmation),nao_temos,,"A regra extraída trata da estrutura de afirmações com a ordem [sujeito] - [predicado] - TRUE, incluindo um marcador de afirmação explícito. Nenhuma regra da base menciona a estrutura sintática de afirmações com um componente 'TRUE' ou marcador semelhante no texto da glosa, mesmo que regras como [VERB.3.7] abordem ordem de sujeito e predicado, elas não contemplam esse elemento adicional."
ASLFD.094,sintaxe,Estrutura de perguntas sobre trabalho,Perguntas sobre trabalho seguem a ordem: WORK — [sujeito] — WHERE — Q,pergunta sobre local de trabalho,True,English: Where do you work? Sign: WORK—YOU—WHERE — Q,244,Sign: WORK—YOU—WHERE — Q,nao_temos,,"A base não contém regra específica sobre a estrutura sintática de perguntas sobre trabalho (WORK — [sujeito] — WHERE — Q). Embora a base aborde WH-questions (PRON.2.5), ela não detalha a ordem específica de elementos em perguntas sobre local de trabalho, que é o fenômeno gramatical central da regra extraída."
ASLFD.095,sintaxe,Estrutura de afirmações sobre fechamento,Afirmações sobre fechamento usam a ordem: [objeto] — CLOSED,declaração sobre fechamento,True,English: The business is closed. Sign: BUSINESS CLOSED,246,Sign: BUSINESS CLOSED,nao_temos,,"A regra extraída trata de uma estrutura sintática específica para afirmações sobre fechamento ([objeto] — CLOSED), que não é abordada em nenhuma regra da base. As regras existentes focam em morfologia, pronomes e verbos, mas nenhuma menciona a ordem de constituintes em construções de fechamento."
ASLFD.096,pergunta,Perguntas retóricas em ASL,"Perguntas retóricas em ASL são formadas com uma palavra interrogativa (WHO, WHAT, WHERE, etc.) seguida imediatamente pela resposta, sem pausa ou expectativa de resposta. A estrutura na glosa é [palavra interrogativa] — [resposta].","Uso de palavras interrogativas (WHO, WHAT, WHERE, etc.) seguidas imediatamente pela resposta",True,MY TEAM-- WHO — B-R-E-N-T ; TOURNAMENT WHERE — P-U-E-B-L-O,269,"A rhetorical question is asked and the person who asks the question gives the answer as well. [...] You use who, what, why, where, when, and how [...] to make the sentence rhetorical, but you don’t add a question mark because you aren’t really asking a question.",nao_temos,,"A regra extraída trata especificamente de perguntas retóricas em ASL, com estrutura [WH-word] + [resposta] sem pausa. A base da consultoria (PRON.2.5) aborda WH-questions em geral, mas não menciona a estrutura de resposta imediata ou a ausência de expectativa de resposta, que são elementos centrais da regra extraída."
ASLFD.097,sintaxe,Marcação de tempo em ASL,"Indicadores de tempo (como TOMORROW) aparecem no início da sentença, seguidos pela ação. A estrutura na glosa é [tempo] — [ação].","Presença de indicadores de tempo (TOMORROW, TODAY, etc.) no início da sentença",True,TOMORROW — GOLF — PLAY WANT ME ; TOMORROW — SWIM ME,270,Sign: TOMORROW — GOLF — PLAY WANT ME [...] Sign: TOMORROW — SWIM ME,nao_temos,,"A base de regras não contém nenhuma regra sobre a posição sintática de indicadores de tempo (como TOMORROW) no início da sentença. As regras existentes abordam morfologia, pronomes e verbos, mas nenhuma trata da estrutura temporal na sintaxe da ASL."
ASLFD.098,pronomes,Formação de pronomes em ASL,Pronomes de primeira pessoa (I/ME) são formados apontando para o próprio corpo. A estrutura na glosa usa ME para indicar o sujeito ou objeto.,Uso de pronomes de primeira pessoa (I/ME),True,ME — BLOOD DRAWN — HOW Q ; WHEELCHAIR — SIT,279,"In ASL, you sign I and me the same way. Just point to yourself with your index finger.",ja_temos,PRON.2.1,"A regra PRON.2.1 já aborda a formação de pronomes pessoais na ASL, incluindo a ausência de distinção sujeito/objeto na primeira pessoa (PRO.1) e o uso de apontamento (IX/PRO). A regra extraída é um caso específico dessa regra geral, já contemplado na base."
ASLFD.099,sintaxe,Ordem de possesão + substantivo + adjetivo,A estrutura de frases que descrevem características de partes do corpo segue a ordem: PRONOME POSSUIVO + SUBSTANTIVO (parte do corpo) + ADJETIVO (estado),Frase descrevendo estado de uma parte do corpo,True,MY THROAT — RED ; MOUTH BLEEDING — HER,288,My throat is red. Sign: MY THROAT — RED,ja_temos,PRON.2.3,"A regra PRON.2.3 já aborda o uso de pronomes possessivos como determinantes seguidos de substantivo e adjetivo (ex.: 'MY DAUGHTER VERY-SICK'), cobrindo a estrutura de posse + substantivo + adjetivo mencionada na regra extraída."
ASLFD.100,sintaxe,Ordem objeto-verbo-subjeto em afirmações,"Em afirmações sobre possuir algo, a ordem é: OBJETO + VERBO TER + SUJEITO",Frase afirmando que alguém possui algo,True,SPRAIN — HAVE — YOU,284,You have a sprain. Sign: SPRAIN — HAVE — YOU,nao_temos,,"A regra extraída trata de uma estrutura sintática específica (OBJETO + VERBO TER + SUJEITO) em afirmações de posse, que não é abordada em nenhuma regra da base existente. As regras da base focam em morfologia, pronomes e concordância verbal, mas nenhuma menciona ordem sintática em construções de posse."
ASLFD.101,pergunta,Formação de perguntas sim/não,Perguntas sim/não são formadas colocando o verbo no início da frase e adicionando o marcador de pergunta Q no final,Frase transformada em pergunta sim/não,True,COUGH — CAN YOU Q,289,Can you cough? Sign: COUGH — CAN YOU Q,nao_temos,,"A regra extraída trata da formação de perguntas sim/não com marcador Q, fenômeno não abordado na base. As regras existentes sobre pronomes interrogativos (PRON.2.5) tratam de WH-questions, não de perguntas sim/não. Não há regra na base que mencione a estrutura de perguntas sim/não ou marcadores de interrogação."
ASLFD.102,tempo-aspecto,Marcação de futuro com 'will',Ações futuras são marcadas colocando o verbo 'WILL' no final da frase,Frase no futuro com 'will',True,E-R — GO US — WILL,292,We’ll go to the ER. Sign: E-R — GO US — WILL,nao_temos,,"A base de regras não contém nenhuma regra sobre marcação de futuro com 'WILL' na ASL. As regras existentes abordam morfologia, pronomes e concordância verbal, mas nenhuma trata de marcas temporais ou aspectuais específicas para futuro."
ASLFD.103,morfologia,Aspecto de intensidade em verbos,A intensidade de ações como 'bleed' é expressa pela velocidade e amplitude do movimento da mão,Verbo que descreve ação contínua/intensa,False,Bleed (movimento rápido da mão para cima e para baixo),290,"To sign bleed, move your dominant hand up and down rapidly. The faster you do it, the heavier the bleeding.",nao_temos,,"A regra extraída trata da expressão de intensidade em verbos por meio de velocidade e amplitude do movimento, um fenômeno morfológico não abordado em nenhuma regra da base. Regras como [VERB.3.8] (verbos direcionais) ou [MORF.1.4] (reduplicação para aspecto) não cobrem a variação de intensidade por parâmetros cinéticos."
