pipeline,id,categoria,titulo,descricao,gatilho,verificavel_por_texto,exemplos,fonte_livro,fonte_pagina,fonte_citacao,canal_extracao,canal_confirmado,divergencia,motivo_confirmacao
voice2sign,LIBRAS.MORFOLOGIA.001,morfologia,Pluralização por repetição sequencial,"A pluralização de um sinal é representada na glosa pela repetição sequencial do sinal, indicada por três sinais idênticos seguidos (ex: CASA+++).",A frase em português expressa o plural de um substantivo ou sinal que em Libras é pluralizado por repetição.,true,casas -> CASA+++,Gramática da Libras Vol.1 (INES/Quadros et al.) — Cap.5 Morfologia,194,"Processos flexionais manifestos fazem uso de morfologia sequencial, como é o caso da pluralização exemplificada em (55) CASA+++. A produção repetida sequencial de morfemas livres CASA manifesta uma flexão consecutiva.",voice2sign,voice2sign,,A repetição sequencial de sinais é visível na linha escrita.
voice2sign,LIBRAS.MORFOLOGIA.002,morfologia,Representação de compostos por justaposição com dois núcleos,"A glosa deve representar o composto por justaposição com dois núcleos (coordenação) usando o símbolo '^' entre as etiquetas dos sinais (ex: BOA^NOITE, CARRO^BATER).","A frase em português corresponde a um composto formado por justaposição de dois sinais (coordenação), onde a mão não dominante antecipa o segundo sinal.",true,boa noite -> BOA^NOITE ; acidente -> CARRO^BATER,Gramática da Libras Vol.1 (INES/Quadros et al.) — Cap.5 Morfologia,197,"Essa regra representa compostos por justaposição com dois núcleos – compostos por coordenação. Nestes sinais, a mão não dominante aparece no espaço neutro... como em (60) BOA^NOITE (BOA NOITE) e (61) CARRO^BATER (ACIDENTE)",voice2sign,voice2sign,,A presença do símbolo de coordenação na glosa é verificável textualmente.
voice2sign,LIBRAS.MORFOLOGIA.003,morfologia,Representação de compostos com eliminação de movimento interno,"A glosa deve representar o composto usando o símbolo '^' entre as etiquetas dos sinais (ex: SÁBADO^DOMINGO), indicando que o movimento interno ou repetição foi eliminado na composição.",A frase em português corresponde a um composto onde o movimento interno ou a repetição do movimento de um dos sinais é eliminada (regra da sequência única).,true,fim de semana -> SÁBADO^DOMINGO,Gramática da Libras Vol.1 (INES/Quadros et al.) — Cap.5 Morfologia,196,"2 - Regra da sequência única: Em compostos, o movimento interno ou a repetição do movimento é eliminada, como em (58) SÁBADO^DOMINGO (fim de semana)",voice2sign,voice2sign,,A presença do símbolo de caret na glosa é verificável textualmente.
voice2sign,LIBRAS.MORFOLOGIA.004,morfologia,Representação de compostos por justaposição sequencial,"A glosa deve representar o composto por justaposição sequencial utilizando o símbolo '^' entre as etiquetas dos sinais, na ordem em que são produzidos (ex: SINAL1^SINAL2).","A frase em português corresponde a um conceito formado pela justaposição sequencial de dois sinais distintos, onde ambos são realizados em sua totalidade e consecutivamente.",true,zebra -> CAVALO^LISTRA-PELO-CORPO ; rio -> ÁGUA^CAMINHO ; lago -> ÁGUA^CÍRCULO ; piscina -> ÁGUA^RETÂNGULO ; divórcio -> ASSINAR^SEPARAR,Gramática da Libras Vol.1 (INES/Quadros et al.) — Cap.5 Morfologia,200,(68) CAVALO^LISTRA-PELO-CORPO (zebra) < = > justaposição sequencial (69) ÁGUA^CAMINHO (rio) < = > justaposição sequencial,voice2sign,voice2sign,,A presença do símbolo e a ordem das etiquetas são visíveis no texto.
voice2sign,LIBRAS.MORFOLOGIA.005,morfologia,Representação de compostos por justaposição simultânea,A glosa deve representar o composto por justaposição simultânea utilizando o símbolo '^' entre as etiquetas dos sinais.,"A frase em português corresponde a um conceito formado pela justaposição simultânea de dois sinais, realizados ao mesmo tempo pelas duas mãos.",true,composição -> PALAVRA^PALAVRA,Gramática da Libras Vol.1 (INES/Quadros et al.) — Cap.5 Morfologia,200,(67) PALAVRA^PALAVRA (composição) < = > justaposição simultânea,voice2sign,voice2sign,,A presença do símbolo de caret na glosa é verificável textualmente.
voice2sign,LIBRAS.MORFOLOGIA.006,morfologia,Representação de compostos com classificador,A glosa deve representar a composição de um classificador com um item lexical utilizando o símbolo '^' entre a etiqueta do classificador (CL-...) e a etiqueta do sinal lexical.,"A frase em português corresponde a um sinal composto por um classificador e um item lexical (ex: alfinete, agulha).",true,alfinete -> CL-coisa-pequena^PERFURAR ; agulha -> CL-coisa-pequena^APLICAR-NO-BRAÇO,Gramática da Libras Vol.1 (INES/Quadros et al.) — Cap.5 Morfologia,200,(73) CL-coisa-pequena^PERFURAR (alfinete); (74) CL-coisa-pequena^APLICAR-NO-BRAÇO (agulha);,voice2sign,voice2sign,,A presença do símbolo e a ordem das etiquetas são visíveis no texto.
voice2sign,LIBRAS.MORFOLOGIA.007,morfologia,Representação de compostos por subordinação,A glosa deve representar o composto por subordinação utilizando o símbolo '^' entre o núcleo e o modificador (ex: NUCLEO^MODIFICADOR).,A frase em português corresponde a um conceito formado por um núcleo modificado por um especificador (ex: escola).,true,escola -> CASA^ESTUDAR,Gramática da Libras Vol.1 (INES/Quadros et al.) — Cap.5 Morfologia,199,(64) CASA^ESTUDAR (escola),voice2sign,voice2sign,,A presença do símbolo de subordinação na glosa é verificável textualmente.
voice2sign,LIBRAS.MORFOLOGIA.008,morfologia,Representação de compostos por coordenação,A glosa deve representar o composto por coordenação utilizando o símbolo '^' entre os núcleos simétricos (ex: NUCLEO1^NUCLEO2).,A frase em português corresponde a um conceito formado por dois ou mais núcleos em relação simétrica (ex: oftalmologista).,true,oftalmologista -> MÉDICO^OLHO,Gramática da Libras Vol.1 (INES/Quadros et al.) — Cap.5 Morfologia,199,(65) MÉDICO^OLHO (oftalmologista),voice2sign,voice2sign,,A presença do símbolo de coordenação na glosa é verificável textualmente.
voice2sign,LIBRAS.EXPRESSOES-IDIOMATICAS.001,expressoes-idiomaticas,Composição por justaposição simultânea (duas mãos),"O sinal de 'composição' é representado na glosa pela justaposição do sinal PALAVRA duas vezes, separado por um acento circunflexo (PALAVRA^PALAVRA), indicando que os dois sinais são articulados simultaneamente, um por cada mão.","A frase em português contém o substantivo 'composição' (no sentido de arte/ato de compor, não o processo linguístico).",true,composição -> PALAVRA^PALAVRA,Gramática da Libras Vol.1 (INES/Quadros et al.) — Cap.5 Morfologia,194,"quebram a concepção tradicional o sinal de “composição”, em Libras, constituído pela derivação simultânea, por um processo de justaposição de duas vezes o sinal (51) PALAVRA, que equivale a (56) PALAVRA^PALAVRA (composição), sendo os dois sinais articulados, um  por cada uma das mãos.",voice2sign,voice2sign,,A presença do padrão PALAVRA^PALAVRA na glosa é verificável textualmente.
voice2sign,LIBRAS.EXPRESSOES-IDIOMATICAS.002,expressoes-idiomaticas,Expressão idiomática 'cabelos em pé' (susto),"A glosa deve usar a etiqueta CABELOS-EM-PÉ para representar o sinal que significa 'ficar de cabelos em pé' no sentido figurado de estar espantada, chocada ou com susto.","A frase em português expressa o estado de estar 'de cabelos em pé' devido a susto, espanto ou choque (sentido idiomático), e não devido a desordem física ou vento.",true,Ficar de cabelos em pé. -> CABELOS-EM-PÉ,Gramática da Libras Vol.1 (INES/Quadros et al.) — Cap.5 Morfologia,340,"se dizemos que “uma pessoa está de cabelos em pé”, porque ficou espantada ou chocada com algo, é um idiomatismo, como ilustrado em (3): ... (3) CABELOS-EM-PÉ Ficar de cabelos em pé.",voice2sign,voice2sign,,Basta verificar a presença da etiqueta escrita na glosa.
voice2sign,LIBRAS.EXPRESSOES-IDIOMATICAS.003,expressoes-idiomaticas,Expressão idiomática 'Quebrar a cara' (1 sinal),"A glosa deve usar o sinal composto CARA-QUEBRAR para representar o sentido idiomático de 'quebrar a cara', 'ficar sem palavras' ou 'ficar sem graça'.",A frase em português contém a expressão 'quebrar a cara' ou sinônimos como 'ficar sem palavras' ou 'ficar sem graça'.,true,Quebrar a cara. -> CARA-QUEBRAR,Gramática da Libras Vol.1 (INES/Quadros et al.) — Cap.5 Morfologia,342,(5) CARA-QUEBRAR Quebrar a cara. Ficar sem palavras. Ficar sem graça.,voice2sign,voice2sign,,A regra exige a presença de um sinal específico na glosa.
voice2sign,LIBRAS.EXPRESSOES-IDIOMATICAS.004,expressoes-idiomaticas,Expressão idiomática 'Quebrar a cara' (2 sinais),"A glosa pode usar a sequência de dois sinais CARA QUEBRAR para representar o sentido idiomático de 'quebrar a cara', 'sem noção' ou 'foi pego em flagrante'.",A frase em português contém a expressão 'quebrar a cara' ou sinônimos como 'sem noção' ou 'foi pego em flagrante'.,true,Quebrar a cara. -> CARA QUEBRAR,Gramática da Libras Vol.1 (INES/Quadros et al.) — Cap.5 Morfologia,343,(9) CARA QUEBRAR Quebrar a cara. Sem noção. Foi pego em flagrante.,voice2sign,voice2sign,,A sequência de sinais CARA QUEBRAR é verificável na glosa escrita.
voice2sign,LIBRAS.EXPRESSOES-IDIOMATICAS.005,expressoes-idiomaticas,Expressão idiomática 'Esticar conversa',A glosa deve usar o sinal composto LINHA-PUXAR para representar o sentido idiomático de 'esticar conversa' ou 'falar mais que o necessário'.,A frase em português contém a expressão 'esticar conversa' ou 'falar mais que o necessário'.,true,Esticar conversa. -> LINHA-PUXAR,Gramática da Libras Vol.1 (INES/Quadros et al.) — Cap.5 Morfologia,342,(6) LINHA-PUXAR Esticar conversa. Falar mais que o necessário.,voice2sign,voice2sign,,Basta verificar se a glosa contém a sequência escrita LINHA-PUXAR.
voice2sign,LIBRAS.EXPRESSOES-IDIOMATICAS.006,expressoes-idiomaticas,Expressão idiomática 'Pessoa turrona',A glosa deve usar a sequência de sinais CABEÇA DURA para representar o sentido idiomático de 'um sem noção' ou 'pessoa turrona'.,A frase em português contém a expressão 'pessoa turrona' ou 'um sem noção'.,true,Pessoa turrona. -> CABEÇA DURA,Gramática da Libras Vol.1 (INES/Quadros et al.) — Cap.5 Morfologia,343,(7) CABEÇA DURA Um sem noção. Pessoa turrona.,voice2sign,voice2sign,,Basta verificar se a sequência CABEÇA DURA aparece na glosa.
voice2sign,LIBRAS.EXPRESSOES-IDIOMATICAS.007,expressoes-idiomaticas,Expressão idiomática 'Cara de pau',A glosa deve usar a sequência de sinais VERGONHA NÃO TER para representar o sentido idiomático de 'não ter vergonha na cara' ou 'um cara de pau'.,A frase em português contém a expressão 'cara de pau' ou 'não ter vergonha na cara'.,true,Um cara de pau. -> VERGONHA NÃO TER,Gramática da Libras Vol.1 (INES/Quadros et al.) — Cap.5 Morfologia,343,(8) VERGONHA NÃO TER Não ter vergonha na cara. Um cara de pau.,voice2sign,voice2sign,,A regra exige uma sequência específica de sinais na glosa.
voice2sign,LIBRAS.EXPRESSOES-IDIOMATICAS.008,expressoes-idiomaticas,Expressão idiomática 'Olho vivo',"A glosa deve usar a sequência de sinais ORELHA CARA para representar o sentido idiomático de 'olho vivo', 'ter audição boa' ou 'pessoa muito esperta'.","A frase em português contém a expressão 'olho vivo', 'ter audição boa' ou 'pessoa muito esperta'.",true,Olho vivo. -> ORELHA CARA,Gramática da Libras Vol.1 (INES/Quadros et al.) — Cap.5 Morfologia,343,(10) ORELHA CARA Olho vivo. Ter audição boa/aguçada.,voice2sign,voice2sign,,A regra exige a presença de sinais específicos na sequência escrita.
voice2sign,LIBRAS.EXPRESSOES-IDIOMATICAS.009,expressoes-idiomaticas,Expressão idiomática 'Não prestar atenção',A glosa deve usar a sequência de sinais ORELHA BARATA para representar o sentido idiomático de 'não prestar atenção' ou 'não dar bola para as coisas'.,A frase em português contém a expressão 'não prestar atenção' ou 'não dar bola para as coisas'.,true,Não prestar atenção. -> ORELHA BARATA,Gramática da Libras Vol.1 (INES/Quadros et al.) — Cap.5 Morfologia,344,(11) ORELHA BARATA Ter audição ruim/desatenta. Não prestar atenção.,voice2sign,voice2sign,,Basta verificar a presença da sequência ORELHA BARATA na glosa.
voice2sign,LIBRAS.EXPRESSOES-IDIOMATICAS.010,expressoes-idiomaticas,Expressão idiomática 'Bom observador',"A glosa deve usar a sequência de sinais OLHO CARO para representar o sentido idiomático de 'ter olhos de águia', 'ter olhar atento' ou 'bom observador'.","A frase em português contém a expressão 'bom observador', 'ter olhos de águia' ou 'ter olhar atento'.",true,Bom observador. -> OLHO CARO,Gramática da Libras Vol.1 (INES/Quadros et al.) — Cap.5 Morfologia,344,(12) OLHO CARO Ter olhos de águia. Ter olhar atento. Bom observador.,voice2sign,voice2sign,,A regra exige a presença da sequência específica de sinais na glosa.
voice2sign,LIBRAS.EXPRESSOES-IDIOMATICAS.011,expressoes-idiomaticas,Expressão idiomática 'Como é voado',"A glosa deve usar a sequência de sinais OLHO BARATO para representar o sentido idiomático de 'ter olhar desatento', 'não prestar atenção' ou 'como é voado'.","A frase em português contém a expressão 'como é voado', 'ter olhar desatento' ou 'não prestar atenção'.",true,Como é voado! -> OLHO BARATO,Gramática da Libras Vol.1 (INES/Quadros et al.) — Cap.5 Morfologia,344,(13) OLHO BARATO Ter olhar desatento. Não prestar atenção. Como é voado!,voice2sign,voice2sign,,Basta verificar a presença da sequência OLHO BARATO na glosa.
voice2sign,LIBRAS.EXPRESSOES-IDIOMATICAS.012,expressoes-idiomaticas,Expressão idiomática 'Não se amole',"A glosa deve usar o sinal composto PEITO-BATER-MÃO-FECHADA para representar o sentido idiomático de 'não se amole com isso', 'deixar pra lá' ou 'ignore isso'.","A frase em português contém a expressão 'não se amole', 'deixar pra lá' ou 'ignore isso'.",true,Não se amole com isso -> PEITO-BATER-MÃO-FECHADA,Gramática da Libras Vol.1 (INES/Quadros et al.) — Cap.5 Morfologia,345,(14) PEITO-BATER-MÃO-FECHADA Não se amole com isso Deixar pra lá Ignore isso!,voice2sign,voice2sign,,Verifica presença do sinal composto específico na sequência linear.
voice2sign,LIBRAS.EXPRESSOES-IDIOMATICAS.013,expressoes-idiomaticas,Expressão idiomática 'Radiante da vida',A glosa deve usar o sinal SORRISO-DUPLO para representar o sentido idiomático de 'dar o maior sorriso do mundo' ou 'radiante da vida'.,A frase em português contém a expressão 'radiante da vida' ou 'dar o maior sorriso do mundo'.,true,Radiante da vida! -> SORRISO-DUPLO,Gramática da Libras Vol.1 (INES/Quadros et al.) — Cap.5 Morfologia,345,(15) SORRISO-DUPLO Dar o maior sorriso do mundo Radiante da vida!,voice2sign,voice2sign,,Verifica presença do sinal escrito na glosa.
voice2sign,LIBRAS.EXPRESSOES-IDIOMATICAS.014,expressoes-idiomaticas,Expressão idiomática 'Isso mesmo',"A glosa deve usar o sinal LÍNGUA-FORA para representar o sentido idiomático de 'isso mesmo', 'é, é, é' ou 'exatamente isso'.","A frase em português contém a expressão 'isso mesmo', 'é, é, é' ou 'exatamente isso'.",true,Isso mesmo! -> LÍNGUA-FORA,Gramática da Libras Vol.1 (INES/Quadros et al.) — Cap.5 Morfologia,345,"(16) LÍNGUA-FORA Isso mesmo! É, é, é! Exatamente isso!",voice2sign,voice2sign,,Verifica presença do sinal LÍNGUA-FORA na glosa escrita.
voice2sign,LIBRAS.EXPRESSOES-IDIOMATICAS.015,expressoes-idiomaticas,Expressão idiomática 'LÁBIOS-FECHADOS',"A glosa deve usar a etiqueta LÁBIOS-FECHADOS para representar a expressão idiomática, e não a tradução literal das palavras 'lábios' e 'fechados' separadamente ou outras variações.","A frase em português expressa os significados 'Como consegue?', 'Impressionante!', 'Que coisa!', 'Viu aí o que eu consigo?' ou 'Viu que eu sei?'.",true,Como consegue? -> LÁBIOS-FECHADOS ; Impressionante! -> LÁBIOS-FECHADOS,Gramática da Libras Vol.1 (INES/Quadros et al.) — Cap.5 Morfologia,346,(17) LÁBIOS-FECHADOS Como consegue? Impressionante! Que coisa! Viu aí o que eu consigo? Viu que eu sei?,voice2sign,voice2sign,,Verifica se a etiqueta específica aparece na sequência escrita.
voice2sign,LIBRAS.EXPRESSOES-IDIOMATICAS.016,expressoes-idiomaticas,Expressão idiomática 'LÁBIOS-TREME',"A glosa deve usar a etiqueta LÁBIOS-TREME para representar a expressão idiomática, e não a tradução literal das palavras 'lábios' e 'treme' separadamente.",A frase em português expressa o significado 'Que desânimo!'.,true,Que desânimo! -> LÁBIOS-TREME,Gramática da Libras Vol.1 (INES/Quadros et al.) — Cap.5 Morfologia,346,(18) LÁBIOS-TREME Que desânimo!,voice2sign,voice2sign,,Verifica presença da etiqueta específica na sequência linear.
voice2sign,LIBRAS.EXPRESSOES-IDIOMATICAS.017,expressoes-idiomaticas,Expressão idiomática 'MÃOS LEVES',"A glosa deve usar a sequência MÃOS LEVES para representar a expressão idiomática, e não a tradução literal de 'mãos leves' como adjetivo físico ou outras variações.","A frase em português expressa os significados 'Tem mãos leves.', 'Tem fluência em Libras.', 'Ter mãos fáceis de entender.', 'Tem boa lábia.' ou 'Bom de papo.'",true,Tem fluência em Libras. -> MÃOS LEVES ; Tem boa lábia. -> MÃOS LEVES,Gramática da Libras Vol.1 (INES/Quadros et al.) — Cap.5 Morfologia,348,(19) MÃOS LEVES Tem mãos leves. Tem fluência em Libras. Ter mãos fáceis de entender. Tem boa lábia. Bom de papo.,voice2sign,voice2sign,,Basta verificar se a sequência escrita é exatamente MÃOS LEVES.
voice2sign,LIBRAS.EXPRESSOES-IDIOMATICAS.018,expressoes-idiomaticas,Expressão idiomática 'MÃOS DURAS',"A glosa deve usar a sequência MÃOS DURAS para representar a expressão idiomática, e não a tradução literal de 'mãos duras' como adjetivo físico ou outras variações.","A frase em português expressa os significados 'Tem mãos pesadas.', 'Tem pouca fluência em Libras.', 'Mãos difíceis de entender.' ou 'Papo estranho.'",true,Tem pouca fluência em Libras. -> MÃOS DURAS ; Papo estranho. -> MÃOS DURAS,Gramática da Libras Vol.1 (INES/Quadros et al.) — Cap.5 Morfologia,348,(20) MÃOS DURAS Tem mãos pesadas. Tem pouca fluência em Libras. Mãos difíceis de entender. Papo estranho.,voice2sign,voice2sign,,Basta verificar se a sequência MÃOS DURAS aparece na glosa.
voice2sign,LIBRAS.EXPRESSOES-IDIOMATICAS.019,expressoes-idiomaticas,Expressão idiomática 'MÃO-BALANÇAR-BAIXO',"A glosa deve usar a etiqueta MÃO-BALANÇAR-BAIXO para representar a expressão idiomática, e não a tradução literal de 'mão balançar baixo' ou 'mão caiu'.","A frase em português expressa os significados 'Minha mão quase caiu de tanto chamar!', 'Quase perdi a mão de tanto chamar!', 'Vou parar de chamar a atenção!' ou 'Desanimei!'.",true,Minha mão quase caiu de tanto chamar! -> MÃO-BALANÇAR-BAIXO ; Desanimei! -> MÃO-BALANÇAR-BAIXO,Gramática da Libras Vol.1 (INES/Quadros et al.) — Cap.5 Morfologia,348,(21) MÃO-BALANÇAR-BAIXO Minha mão quase caiu de tanto chamar! Quase perdi a mão de tanto chamar! Vou parar de chamar a atenção! Desanimei!,voice2sign,voice2sign,,Verifica se a etiqueta específica MÃO-BALANÇAR-BAIXO aparece na glosa.
voice2sign,LIBRAS.EXPRESSOES-IDIOMATICAS.020,expressoes-idiomaticas,Expressão idiomática 'Desconsidere isso' (OLHOS-SAIR),"A glosa deve usar a sequência OLHOS-SAIR para expressar os significados 'Desconsidere isso', 'Melhor ignorar' ou 'Isso é bobagem'.","A frase em português expressa o sentido de desconsiderar algo, ignorar algo ou considerar algo bobagem.",true,Desconsidere isso! -> OLHOS-SAIR ; Melhor ignorar! -> OLHOS-SAIR ; Isso é bobagem! -> OLHOS-SAIR,Gramática da Libras Vol.1 (INES/Quadros et al.) — Cap.5 Morfologia,349,(22) OLHOS-SAIR Entrar por “olho” e sair por outro. Desconsidere isso! Melhor ignorar! Isso é bobagem!,voice2sign,voice2sign,,A regra exige a presença exata da sequência escrita OLHOS-SAIR.
voice2sign,LIBRAS.EXPRESSOES-IDIOMATICAS.021,expressoes-idiomaticas,Expressão idiomática 'Desconsidere isso' (OUVIDOS-SAIR),"A glosa deve usar a sequência OUVIDOS-SAIR para expressar os significados 'Desconsidere isso', 'Melhor ignorar', 'Isso é bobagem' ou 'Isso não me atinge'.","A frase em português expressa o sentido de desconsiderar algo, ignorar algo, considerar algo bobagem ou que algo não afeta o interlocutor.",true,Desconsidere isso! -> OUVIDOS-SAIR ; Melhor ignorar! -> OUVIDOS-SAIR ; Isso é bobagem! -> OUVIDOS-SAIR ; Isso não me atinge! -> OUVIDOS-SAIR,Gramática da Libras Vol.1 (INES/Quadros et al.) — Cap.5 Morfologia,349,(23) OUVIDOS-SAIR Entrar num ouvido e sair no outro Desconsidere isso! Melhor ignorar! Isso é bobagem! Isso não me atinge!,voice2sign,voice2sign,,Basta verificar se a sequência OUVIDOS-SAIR está presente na glosa.
voice2sign,LIBRAS.EXPRESSOES-IDIOMATICAS.022,expressoes-idiomaticas,Expressão idiomática 'Preste atenção' (VEJA),A glosa deve usar o sinal VEJA para expressar os significados 'Vejam o que está sendo dito' ou 'Preste atenção'.,A frase em português é um imperativo para prestar atenção ou ver o que está sendo dito.,true,Vejam o que está sendo dito! -> VEJA ; Preste atenção! -> VEJA,Gramática da Libras Vol.1 (INES/Quadros et al.) — Cap.5 Morfologia,349,(24) VEJA Vejam o que está sendo dito! Preste atenção!,voice2sign,voice2sign,,Basta verificar se a etiqueta VEJA aparece na glosa.
voice2sign,LIBRAS.EXPRESSOES-IDIOMATICAS.023,expressoes-idiomaticas,Expressão idiomática 'Preste atenção' (OUÇA),A glosa deve usar o sinal OUÇA para expressar os significados 'Ouçam o que está sendo dito' ou 'Preste atenção'.,A frase em português é um imperativo para prestar atenção ou ouvir o que está sendo dito.,true,Ouçam o que está sendo dito! -> OUÇA ; Preste atenção! -> OUÇA,Gramática da Libras Vol.1 (INES/Quadros et al.) — Cap.5 Morfologia,349,(25) OUÇA Ouçam o que está sendo dito! Preste atenção!,voice2sign,voice2sign,,Basta verificar se a etiqueta OUÇA aparece na glosa.
voice2sign,LIBRAS.EXPRESSOES-IDIOMATICAS.024,expressoes-idiomaticas,Expressão idiomática 'Papo furado' (MÃOS/DEDOS-BALANÇAR),"A glosa deve usar a sequência MÃOS/DEDOS-BALANÇAR para expressar os significados 'Papo furado', 'Contar lorota', 'Ótima lábia', 'Malicioso', 'Manipulador' ou 'El@ é persuasivo'.","A frase em português descreve alguém que fala demais, mente, é persuasivo, manipulador ou tem 'papo furado'.",true,Papo furado. -> MÃOS/DEDOS-BALANÇAR ; Contar lorota. -> MÃOS/DEDOS-BALANÇAR ; Ótima lábia. -> MÃOS/DEDOS-BALANÇAR ; Malicioso. -> MÃOS/DEDOS-BALANÇAR ; Manipulador. -> MÃOS/DEDOS-BALANÇAR ; El@ é persuasivo. -> MÃOS/DEDOS-BALANÇAR,Gramática da Libras Vol.1 (INES/Quadros et al.) — Cap.5 Morfologia,350,(26) MÃOS/DEDOS-BALANÇAR Papo furado. Contar lorota. Ótima lábia. Malicioso. Manipulador. El@ é persuasivo.,voice2sign,voice2sign,,Basta verificar se a sequência escrita corresponde à glosa exigida.
voice2sign,LIBRAS.EXPRESSOES-IDIOMATICAS.025,expressoes-idiomaticas,Expressão idiomática 'Falar muita mentira' (MÃOS/DEDOS-LONGOS),A glosa deve usar a sequência MÃOS/DEDOS-LONGOS para expressar os significados 'Falar muita mentira' ou 'Os dedos crescem de tanto mentir'.,A frase em português expressa o ato de mentir muito ou a metáfora de dedos crescendo por mentir.,true,Falar muita mentira. -> MÃOS/DEDOS-LONGOS ; Os dedos crescem de tanto mentir. -> MÃOS/DEDOS-LONGOS,Gramática da Libras Vol.1 (INES/Quadros et al.) — Cap.5 Morfologia,350,(27) MÃOS/DEDOS-LONGOS Falar muita mentira. Os dedos crescem de tanto mentir15.,voice2sign,voice2sign,,Basta verificar a presença da sequência escrita na glosa.
voice2sign,LIBRAS.EXPRESSOES-IDIOMATICAS.026,expressoes-idiomaticas,Expressão idiomática 'Lavar as mãos' (MÃOS-TIRAR),"A glosa deve usar a sequência MÃOS-TIRAR para expressar os significados 'Estou fora', 'Não se envolver', 'Manter-se neutro' ou 'Lavar as mãos'.","A frase em português expressa a ideia de se desvincular, ficar neutro, não se envolver ou 'lavar as mãos' de algo.",true,Estou fora. -> MÃOS-TIRAR ; Não se envolver. -> MÃOS-TIRAR ; Manter-se neutro. -> MÃOS-TIRAR ; Lavar as mãos. -> MÃOS-TIRAR,Gramática da Libras Vol.1 (INES/Quadros et al.) — Cap.5 Morfologia,350,(28) MÃOS-TIRAR Estou fora. Não se envolver. Manter-se neutro. Lavar as mãos.,voice2sign,voice2sign,,Basta verificar se a sequência MÃOS-TIRAR aparece na glosa.
voice2sign,LIBRAS.EXPRESSOES-IDIOMATICAS.027,expressoes-idiomaticas,Expressão idiomática 'Lavar as mãos' (MÃOS-LIMPAR),"A glosa deve usar a sequência MÃOS-LIMPAR para expressar os significados 'Lavar as mãos', 'Não dar mais palpite', 'Estou fora' ou 'Já fiz a minha parte'.","A frase em português expressa a ideia de 'lavar as mãos', não dar mais opinião, estar fora ou ter concluído sua parte.",true,Lavar as mãos. -> MÃOS-LIMPAR ; Não dar mais palpite! -> MÃOS-LIMPAR ; Estou fora! -> MÃOS-LIMPAR ; Já fiz a minha parte! -> MÃOS-LIMPAR,Gramática da Libras Vol.1 (INES/Quadros et al.) — Cap.5 Morfologia,351,(29) MÃOS-LIMPAR Lavar as mãos. Não dar mais palpite! Estou fora! Já fiz a minha parte!,voice2sign,voice2sign,,Basta verificar se a sequência MÃOS-LIMPAR aparece na glosa.
voice2sign,LIBRAS.EXPRESSOES-IDIOMATICAS.028,expressoes-idiomaticas,Expressão idiomática 'Não sei de nada' (MÃOS-SOPRAR-CADA),A glosa deve usar a sequência MÃOS-SOPRAR-CADA para expressar os significados 'Não sei de nada' ou 'Não estou sabendo de nada'.,A frase em português expressa ignorância sobre um fato ou negação de conhecimento.,true,Não sei de nada! -> MÃOS-SOPRAR-CADA ; Não estou sabendo de nada! -> MÃOS-SOPRAR-CADA,Gramática da Libras Vol.1 (INES/Quadros et al.) — Cap.5 Morfologia,351,(30) MÃOS-SOPRAR-CADA Não sei de nada! Não estou sabendo de nada!,voice2sign,voice2sign,,A regra exige a presença exata da sequência de sinais escrita.
voice2sign,LIBRAS.EXPRESSOES-IDIOMATICAS.029,expressoes-idiomaticas,Expressão idiomática 'Calar as mãos' (MÃOd^BATE-MÃOe E MÃOe-BATE-MÃOd),"A glosa deve usar a sequência MÃOd^BATE-MÃOe E MÃOe-BATE-MÃOd para expressar os significados 'Calar as mãos', 'Pare de falar', 'Cala-te, mão', 'Fique de fora', 'Fique quieto' ou 'Fique na sua'.","A frase em português é um imperativo para calar, ficar quieto, ficar na sua ou ficar de fora.",true,"Calar as mãos -> MÃOd^BATE-MÃOe E MÃOe-BATE-MÃOd ; Pare de falar! -> MÃOd^BATE-MÃOe E MÃOe-BATE-MÃOd ; Cala-te, mão! -> MÃOd^BATE-MÃOe E MÃOe-BATE-MÃOd ; Fique de fora! -> MÃOd^BATE-MÃOe E MÃOe-BATE-MÃOd ; Fique quieto! -> MÃOd^BATE-MÃOe E MÃOe-BATE-MÃOd ; Fique na sua! -> MÃOd^BATE-MÃOe E MÃOe-BATE-MÃOd",Gramática da Libras Vol.1 (INES/Quadros et al.) — Cap.5 Morfologia,351,"(31) MÃOd^BATE-MÃOe E MÃOe-BATE- -MÃOd Calar as mãos16 Pare de falar! “Cala-te, mão!” Fique de fora! Fique quieto! Fique na sua!",voice2sign,voice2sign,,A regra exige uma sequência específica de etiquetas na glosa.
voice2sign,LIBRAS.EXPRESSOES-IDIOMATICAS.030,expressoes-idiomaticas,Expressão idiomática 'Fluente em Libras' (MÃOS-HABILIDOSAS),A glosa deve usar a sequência MÃOS-HABILIDOSAS para expressar o significado 'Extremamente fluente em Libras'.,A frase em português descreve alguém como extremamente fluente ou habilidoso em Libras.,true,Extremamente fluente em Libras. -> MÃOS-HABILIDOSAS,Gramática da Libras Vol.1 (INES/Quadros et al.) — Cap.5 Morfologia,351,(32) MÃOS-HABILIDOSAS Extremamente fluente em Libras.,voice2sign,voice2sign,,Basta verificar a presença da sequência escrita MÃOS-HABILIDOSAS na glosa.
voice2sign,LIBRAS.EXPRESSOES-IDIOMATICAS.031,expressoes-idiomaticas,Expressão idiomática 'Preconceito' (ESMAGAR),"A glosa deve usar o sinal ESMAGAR para expressar os significados 'preconceito', 'opressão', 'discriminação', 'vingança', 'destruir' ou 'estigmatizar'.","A frase em português expressa conceitos de preconceito, opressão, discriminação, vingança, destruição ou estigmatização.",true,"Refere-se ao preconceito, à opressão, à discriminação ou à vingança. -> ESMAGAR ; Destruir. -> ESMAGAR ; Estigmatizar. -> ESMAGAR",Gramática da Libras Vol.1 (INES/Quadros et al.) — Cap.5 Morfologia,352,"(33) ESMAGAR Refere-se ao preconceito, à opressão, à discriminação ou à vingança. Destruir. Estigmatizar.",voice2sign,voice2sign,,Basta verificar se a etiqueta ESMAGAR aparece na sequência escrita.
voice2sign,LIBRAS.EXPRESSOES-IDIOMATICAS.032,expressoes-idiomaticas,Expressão idiomática 'Tomar conta de alguém' (3-DEVORAR-1),"A glosa deve usar a sequência 3-DEVORAR-1 para expressar os significados 'Engolir, absorver, impregnar', 'Tomar conta de alguém', 'Tome cuidado' ou 'Agrupar a essência'.","A frase em português expressa a ideia de algo tomar conta de alguém, engolir, absorver ou impregnar.",true,"Engolir, absorver, impregnar… -> 3-DEVORAR-1 ; Tomar conta de alguém. -> 3-DEVORAR-1 ; Tome cuidado! -> 3-DEVORAR-1 ; Agrupar a essência. -> 3-DEVORAR-1",Gramática da Libras Vol.1 (INES/Quadros et al.) — Cap.5 Morfologia,352,"(34) 3-DEVORAR-1 Engolir, absorver, impregnar… Tomar conta de alguém. Tome cuidado! Agrupar a essência.",voice2sign,voice2sign,,Basta verificar se a sequência 3-DEVORAR-1 aparece na glosa.
voice2sign,LIBRAS.EXPRESSOES-IDIOMATICAS.033,expressoes-idiomaticas,Expressão idiomática 'Faltou eu',"A glosa deve usar a sequência BOCA-BATER-PASSAR para representar o significado 'Faltou eu', 'Me deixaram de fora' ou 'Não se lembraram de mim'.","A frase em português expressa o sentido de ter sido esquecido, deixado de fora ou não ter sido lembrado (ex: 'Faltou eu', 'Me deixaram de fora').",true,Faltou eu! -> BOCA-BATER-PASSAR ; Me deixaram de fora! -> BOCA-BATER-PASSAR ; Não se lembraram de mim! -> BOCA-BATER-PASSAR,Gramática da Libras Vol.1 (INES/Quadros et al.) — Cap.5 Morfologia,360,(61) BOCA-BATER-PASSAR Faltou eu! Me deixaram de fora! Não se lembraram de mim!,voice2sign,voice2sign,,A regra exige uma sequência específica de sinais na glosa.
voice2sign,LIBRAS.EXPRESSOES-IDIOMATICAS.034,expressoes-idiomaticas,Expressão idiomática 'Estou pasma/chocada',"A glosa deve usar a sequência QUEIXO-MÃO-BATER-PASSAR (ou PASA) para representar o significado 'Nossa!', 'Estou pasma', 'Estou passado/a' ou 'Estou chocada'.","A frase em português expressa espanto, choque ou estar pasmo (ex: 'Nossa!', 'Estou pasma', 'Estou chocada').",true,Nossa! -> QUEIXO-MÃO-BATER-PASSAR ; Estou pasma! -> QUEIXO-MÃO-BATER-PASSAR ; Estou chocada! -> QUEIXO-MÃO-BATER-PASSAR,Gramática da Libras Vol.1 (INES/Quadros et al.) — Cap.5 Morfologia,360,(62) QUEIXO-MÃO-BATER--PASSAR (PASA) Nossa! Estou pasma! Estou passado/a! Estou chocada!,voice2sign,voice2sign,,A regra exige uma sequência específica de sinais na glosa.
voice2sign,LIBRAS.EXPRESSOES-IDIOMATICAS.035,expressoes-idiomaticas,Expressão idiomática 'Não tem mais jeito',"A glosa deve usar a sequência MÃOS-PEITO-APERTAR para representar o significado 'Não tem mais jeito', 'Infelizmente' ou 'Não há mais o que fazer'.","A frase em português expressa resignação, falta de alternativa ou infelicidade (ex: 'Não tem mais jeito', 'Infelizmente').",true,Não tem mais jeito! -> MÃOS-PEITO-APERTAR ; Infelizmente! -> MÃOS-PEITO-APERTAR ; Não há mais o que fazer. -> MÃOS-PEITO-APERTAR,Gramática da Libras Vol.1 (INES/Quadros et al.) — Cap.5 Morfologia,360,(63’) MÃOS-PEITO-APERTAR Não tem mais jeito! Infelizmente! Não há mais o que fazer.,voice2sign,voice2sign,,A regra exige a presença exata da sequência escrita MÃOS-PEITO-APERTAR.
voice2sign,LIBRAS.EXPRESSOES-IDIOMATICAS.036,expressoes-idiomaticas,Expressão idiomática 'Assim não dá',A glosa deve usar a sequência U-GIRA para representar o significado 'Assim não dá' ou 'Impossível acreditar que aconteceu assim'.,"A frase em português expressa impossibilidade ou incredulidade diante de uma situação (ex: 'Assim não dá', 'Impossível acreditar').",true,Assim não dá! -> U-GIRA ; Impossível acreditar que aconteceu assim. -> U-GIRA,Gramática da Libras Vol.1 (INES/Quadros et al.) — Cap.5 Morfologia,360,(64) U-GIRA Assim não dá! Impossível acreditar que aconteceu assim.,voice2sign,voice2sign,,A regra exige a presença da sequência específica U-GIRA na glosa.
voice2sign,LIBRAS.EXPRESSOES-IDIOMATICAS.037,expressoes-idiomaticas,Expressão idiomática 'Visão restrita da deficiência',A glosa deve usar a sequência ORELHA-QUADRADA para representar o significado 'Só enxerga a orelha (do surdo)' ou 'Tem visão restrita (da) deficiência'.,A frase em português critica alguém por ter uma visão limitada ou restrita apenas à perspectiva da deficiência (ex: 'Só enxerga a orelha').,true,Só enxerga a orelha (do surdo). -> ORELHA-QUADRADA ; Tem visão restrita (da) deficiência. -> ORELHA-QUADRADA,Gramática da Libras Vol.1 (INES/Quadros et al.) — Cap.5 Morfologia,361,(65) ORELHA-QUADRADA Só enxerga a orelha (do surdo). Tem visão restrita (da) deficiência.,voice2sign,voice2sign,,A regra exige a presença exata da sequência escrita ORELHA-QUADRADA.
voice2sign,LIBRAS.EXPRESSOES-IDIOMATICAS.038,expressoes-idiomaticas,Expressão idiomática 'Não quero falar sobre isso',"A glosa deve usar a sequência BRAÇO-COÇAR para representar o significado 'Falar disso me dá alergia', 'Não quero falar sobre isso' ou 'Não dá para falar sobre isso'.","A frase em português expressa repulsa, alergia ou recusa em discutir um determinado assunto (ex: 'Falar disso me dá alergia', 'Não quero falar sobre isso').",true,Falar disso me dá alergia. -> BRAÇO-COÇAR ; Não quero falar sobre isso! -> BRAÇO-COÇAR ; Não dá para falar sobre isso. -> BRAÇO-COÇAR,Gramática da Libras Vol.1 (INES/Quadros et al.) — Cap.5 Morfologia,361,(66) BRAÇO-COÇAR Falar disso me dá alergia. Não quero falar sobre isso! Não dá para falar sobre isso.,voice2sign,voice2sign,,A regra exige a presença exata da sequência escrita BRAÇO-COÇAR.
voice2sign,LIBRAS.EXPRESSOES-IDIOMATICAS.039,expressoes-idiomaticas,Expressão idiomática 'Pegou mal',"A glosa deve usar a sequência IRRITAR para representar o significado 'Isso vai irritar alguém', 'El@ vai ficar irritado', 'Pegou mal' ou 'Sujou'.","A frase em português indica que algo causou irritação, foi mal recebido ou 'pegou mal' (ex: 'Pegou mal', 'Sujou').",true,Isso vai irritar alguém. -> IRRITAR ; Pegou mal! -> IRRITAR ; Sujou! -> IRRITAR,Gramática da Libras Vol.1 (INES/Quadros et al.) — Cap.5 Morfologia,361,"(67) IRRITAR Isso vai irritar alguém. El@ vai ficar irritado, hein? Pegou mal! Sujou!",voice2sign,voice2sign,,Basta verificar se a etiqueta IRRITAR aparece na sequência escrita.
voice2sign,LIBRAS.EXPRESSOES-IDIOMATICAS.040,expressoes-idiomaticas,Expressão idiomática 'Convencer alguém',"A glosa deve usar a sequência VIOLINO-TOCAR para representar o significado 'Convencer alguém sobre algo', 'Precisa ter uma ótima lábia' ou 'Precisa ter calma para dialogar'.","A frase em português expressa a necessidade de persuasão, convencimento ou habilidade de diálogo (ex: 'Convencer alguém', 'Precisa ter uma ótima lábia').",true,Convencer alguém sobre algo. -> VIOLINO-TOCAR ; Precisa ter uma ótima lábia. -> VIOLINO-TOCAR ; Precisa ter calma para dialogar. -> VIOLINO-TOCAR,Gramática da Libras Vol.1 (INES/Quadros et al.) — Cap.5 Morfologia,361,(68) VIOLINO-TOCAR Convencer alguém sobre algo. Precisa ter uma ótima lábia. Precisa ter calma para dialogar.,voice2sign,voice2sign,,A regra exige a presença exata da sequência escrita VIOLINO-TOCAR.
voice2sign,LIBRAS.EXPRESSOES-IDIOMATICAS.041,expressoes-idiomaticas,Expressão idiomática 'Brega',A glosa deve usar a sequência MÃO-BOCA-LIMPAR para representar o significado 'Paia' ou 'Brega'.,"A frase em português expressa algo brega, sem graça ou 'paia' (ex: 'Paia', 'Brega').",true,“Paia”! -> MÃO-BOCA-LIMPAR ; Brega. -> MÃO-BOCA-LIMPAR,Gramática da Libras Vol.1 (INES/Quadros et al.) — Cap.5 Morfologia,361,(69) MÃO-BOCA-LIMPAR “Paia”! Brega.,voice2sign,voice2sign,,A regra exige a presença exata da sequência de sinais escrita.
voice2sign,LIBRAS.EXPRESSOES-IDIOMATICAS.042,expressoes-idiomaticas,Expressão idiomática 'NARIZ-PINÇAR',A glosa deve usar a sequência NARIZ-PINÇAR para representar o significado 'Disfarça!' ou 'Vou ignorar'.,A frase em português expressa o sentido de 'Disfarça!' ou 'Vou ignorar'.,true,Disfarça! -> NARIZ-PINÇAR ; Vou ignorar. -> NARIZ-PINÇAR,Gramática da Libras Vol.1 (INES/Quadros et al.) — Cap.5 Morfologia,362,(70) NARIZ-PINÇAR+++ Disfarça! Vou ignorar.,voice2sign,voice2sign,,Basta verificar se a sequência NARIZ-PINÇAR aparece na glosa.
voice2sign,LIBRAS.EXPRESSOES-IDIOMATICAS.043,expressoes-idiomaticas,Expressão idiomática 'ABANDONAR' com expressão facial,A glosa deve usar o sinal ABANDONAR para representar o significado 'Deixa pra lá!'.,A frase em português expressa o sentido de 'Deixa pra lá!'.,true,Deixa pra lá! -> ABANDONAR,Gramática da Libras Vol.1 (INES/Quadros et al.) — Cap.5 Morfologia,362,(71) ABANDONAR-EF18 Deixa pra lá!,voice2sign,voice2sign,,Basta verificar se a glosa contém o sinal ABANDONAR.
voice2sign,LIBRAS.EXPRESSOES-IDIOMATICAS.044,expressoes-idiomaticas,Expressão idiomática 'BOCA-ABANDONAR',"A glosa deve usar a sequência BOCA-ABANDONAR para representar significados como 'Que exagero!', 'Credo!' ou 'Isso é piada!'.","A frase em português expressa o sentido de 'Que exagero!', 'Credo!' ou 'Isso é piada!'.",true,Que exagero! -> BOCA-ABANDONAR ; Credo! -> BOCA-ABANDONAR ; Isso é piada! -> BOCA-ABANDONAR,Gramática da Libras Vol.1 (INES/Quadros et al.) — Cap.5 Morfologia,362,(72) BOCA-ABANDONAR Que exagero! Credo! Isso é piada!,voice2sign,voice2sign,,Basta verificar se a sequência escrita é BOCA-ABANDONAR.
voice2sign,LIBRAS.EXPRESSOES-IDIOMATICAS.045,expressoes-idiomaticas,Falso cognato 'mãos leves',"A glosa deve usar a sequência MÃO-LEVE para referir-se a intérpretes que sinalizam com leveza e suavidade, e NÃO para referir-se a ladrões (sentido da expressão em português).",A frase em português contém a expressão 'mãos leves' com o sentido de 'ladrão' ou 'pessoa que furta sem ser percebida'.,true,,Gramática da Libras Vol.1 (INES/Quadros et al.) — Cap.5 Morfologia,362,"Em Língua de Sinais brasileira, entretanto, (73) refere-se a intérprete(s) de mãos leves, que sinalizam com grande leveza e suavidade",voice2sign,voice2sign,,"A glosa deve conter a sequência MÃO-LEVE, verificável na linha escrita."
voice2sign,LIBRAS.EXPRESSOES-IDIOMATICAS.046,expressoes-idiomaticas,Expressão idiomática 'MÃOS LEVES',A glosa deve usar a sequência MÃOS LEVES para expressar o significado 'Bem fluente em Libras'.,A frase em português expressa o conceito de ser bem fluente em Libras.,true,Bem fluente em Libras. -> MÃOS LEVES,Gramática da Libras Vol.1 (INES/Quadros et al.) — Cap.5 Morfologia,363,(73) MÃOS LEVES Bem fluente em Libras.,voice2sign,voice2sign,,Basta verificar a presença da sequência escrita MÃOS LEVES na glosa.
voice2sign,LIBRAS.EXPRESSOES-IDIOMATICAS.047,expressoes-idiomaticas,Expressão idiomática 'SAL-FALTA',"A glosa deve usar a sequência SAL-FALTA para expressar os significados 'Sem sal!', 'Não tem carisma' ou 'Sem graça'.","A frase em português expressa falta de carisma, graça ou sabor (metaforicamente).",true,Sem sal! -> SAL-FALTA ; Não tem carisma. -> SAL-FALTA,Gramática da Libras Vol.1 (INES/Quadros et al.) — Cap.5 Morfologia,364,(74) SAL-FALTA 1Sem sal! Não tem carisma.,voice2sign,voice2sign,,Basta verificar se a sequência SAL-FALTA aparece na glosa.
voice2sign,LIBRAS.EXPRESSOES-IDIOMATICAS.048,expressoes-idiomaticas,Expressão idiomática 'DOCE-MUITO',A glosa deve usar a sequência DOCE-MUITO para expressar os significados 'Que doce!' ou 'Que fofo!'.,"A frase em português expressa afeto, fofura ou doçura (metaforicamente).",true,Que doce! -> DOCE-MUITO ; Que fofo! -> DOCE-MUITO,Gramática da Libras Vol.1 (INES/Quadros et al.) — Cap.5 Morfologia,364,(75) DOCE-MUITO Que doce! Que fofo!,voice2sign,voice2sign,,A regra exige a presença exata da sequência escrita DOCE-MUITO.
voice2sign,LIBRAS.EXPRESSOES-IDIOMATICAS.049,expressoes-idiomaticas,Expressão idiomática 'MÃO-LUBRIFICAR',"A glosa deve usar a sequência MÃO-LUBRIFICAR para expressar a necessidade de 'desenferrujar as mãos', 'amolecer as mãos' ou 'lubrificar o braço'.",A frase em português expressa a necessidade de praticar ou melhorar a fluência/gestos (metafora de máquina).,true,Precisa desenferrujar as mãos. -> MÃO-LUBRIFICAR ; Amolecer as mãos. -> MÃO-LUBRIFICAR,Gramática da Libras Vol.1 (INES/Quadros et al.) — Cap.5 Morfologia,365,(76) MÃO-LUBRIFICAR Precisa desenferrujar as mãos. Amolecer as mãos.,voice2sign,voice2sign,,Basta verificar se a sequência MÃO-LUBRIFICAR aparece na glosa.
voice2sign,LIBRAS.EXPRESSOES-IDIOMATICAS.050,expressoes-idiomaticas,Expressão idiomática 'BRAÇO-JUNTA-ENCOLHER',A glosa deve usar a sequência BRAÇO-JUNTA-ENCOLHER para expressar os significados 'Braço enferrujado' ou 'Ligamento rompido'.,A frase em português expressa rigidez ou dano físico no braço (metafora de máquina).,true,Braço enferrujado. -> BRAÇO-JUNTA-ENCOLHER ; Ligamento rompido. -> BRAÇO-JUNTA-ENCOLHER,Gramática da Libras Vol.1 (INES/Quadros et al.) — Cap.5 Morfologia,365,(77) BRAÇO-JUNTA-ENCO- LHER Braço enferrujado. Ligamento rompido.,voice2sign,voice2sign,,Basta verificar se a sequência de etiquetas está presente na glosa.
voice2sign,LIBRAS.EXPRESSOES-IDIOMATICAS.051,expressoes-idiomaticas,Expressão idiomática 'LESMA',A glosa deve usar a etiqueta LESMA para expressar os significados 'É uma lesma' ou 'Está muito lento!'.,A frase em português expressa lentidão extrema (metafora de animal).,true,É uma lesma. -> LESMA ; Está muito lento! -> LESMA,Gramática da Libras Vol.1 (INES/Quadros et al.) — Cap.5 Morfologia,365,(78) LESMA É uma lesma. Está muito lento!,voice2sign,voice2sign,,Basta verificar se a etiqueta LESMA aparece na glosa.
voice2sign,LIBRAS.EXPRESSOES-IDIOMATICAS.052,expressoes-idiomaticas,Expressão idiomática 'TARTARUGA',A glosa deve usar a etiqueta TARTARUGA para expressar os significados 'É uma tartaruga' ou 'Está muito devagar!'.,A frase em português expressa lentidão extrema (metafora de animal).,true,É uma tartaruga -> TARTARUGA ; Está muito devagar! -> TARTARUGA,Gramática da Libras Vol.1 (INES/Quadros et al.) — Cap.5 Morfologia,365,(79) TARTARUGA É uma tartaruga Está muito devagar!,voice2sign,voice2sign,,Basta verificar se a etiqueta TARTARUGA aparece na glosa.
voice2sign,LIBRAS.EXPRESSOES-IDIOMATICAS.053,expressoes-idiomaticas,Expressão idiomática 'rabo entre as pernas',"A glosa deve usar o sinal composto RABO-ESCONDER para representar os significados 'ficar com o rabo entre as pernas', 'envergonhado', 'com medo' ou 'ter o rabo preso'.","A frase em português expressa o conceito de vergonha, medo ou submissão associada à expressão 'rabo entre as pernas' ou 'rabo preso'.",true,Ficar com o rabo entre as pernas. -> RABO-ESCONDER ; Envergonhado. -> RABO-ESCONDER ; Com medo. -> RABO-ESCONDER ; Ter o 'rabo preso'. -> RABO-ESCONDER,Gramática da Libras Vol.1 (INES/Quadros et al.) — Cap.5 Morfologia,366,(80) RABO-ESCONDER Ficar com o rabo entre as pernas. Envergonhado. Com medo. Ter o “rabo preso”.,voice2sign,voice2sign,,Basta verificar se a glosa escrita contém o sinal composto RABO-ESCONDER.
voice2sign,LIBRAS.EXPRESSOES-IDIOMATICAS.054,expressoes-idiomaticas,Expressão idiomática 'baixar as orelhas',A glosa deve usar o sinal composto ORELHAS-BAIXAR para representar os significados 'baixar as orelhas' ou 'estar submissa'.,A frase em português expressa o conceito de submissão ou a expressão literal 'baixar as orelhas'.,true,Baixar as orelhas. -> ORELHAS-BAIXAR ; Estar submissa. -> ORELHAS-BAIXAR,Gramática da Libras Vol.1 (INES/Quadros et al.) — Cap.5 Morfologia,366,(81) ORELHAS-BAIXAR Baixar as orelhas. Estar submissa.,voice2sign,voice2sign,,Basta verificar se a sequência escrita contém o sinal composto ORELHAS-BAIXAR.
voice2sign,LIBRAS.EXPRESSOES-IDIOMATICAS.055,expressoes-idiomaticas,Expressão idiomática 'deixa para lá',"A glosa deve usar o sinal composto AFASTAR-EU para representar os significados 'não perca tempo com isso', 'deixa para lá' ou 'deixa no vácuo'.","A frase em português expressa o conceito de rejeição, desinteresse ou afastamento de um assunto, como em 'deixa para lá'.",true,Não perca tempo com isso! -> AFASTAR-EU ; Deixa para lá! -> AFASTAR-EU ; Deixa no vácuo! -> AFASTAR-EU,Gramática da Libras Vol.1 (INES/Quadros et al.) — Cap.5 Morfologia,367,(82) AFASTAR-EU Não perca tempo com isso! Deixa para lá! Deixa no vácuo!,voice2sign,voice2sign,,Basta verificar se a glosa contém o sinal composto AFASTAR-EU.
voice2sign,LIBRAS.EXPRESSOES-IDIOMATICAS.056,expressoes-idiomaticas,Expressão idiomática 'rejeitar/nojo',A glosa deve usar o sinal VOMITAR para representar os significados 'rejeitar alguém/alguma coisa' ou 'que nojo'.,"A frase em português expressa rejeição forte, repulsa ou nojo.",true,Rejeitar alguém /alguma coisa. -> VOMITAR ; Que nojo! -> VOMITAR,Gramática da Libras Vol.1 (INES/Quadros et al.) — Cap.5 Morfologia,367,(83) VOMITAR Rejeitar alguém /alguma coisa. Que nojo!,voice2sign,voice2sign,,Basta verificar se a etiqueta VOMITAR aparece na glosa.
voice2sign,LIBRAS.EXPRESSOES-IDIOMATICAS.057,expressoes-idiomaticas,Expressão idiomática 'afaste-se',"A glosa deve usar o sinal composto EMPURRAR-X para representar os significados 'deixe longe', 'afaste-se de mim' ou 'mantenha-se afastado'.",A frase em português expressa a ordem de afastamento físico ou social de alguém.,true,Deixe longe! -> EMPURRAR-X ; Afaste-se de mim! -> EMPURRAR-X ; Mantenha-se afastado. -> EMPURRAR-X,Gramática da Libras Vol.1 (INES/Quadros et al.) — Cap.5 Morfologia,367,(84) EMPURRAR-X Deixe longe! Afaste-se de mim! Mantenha-se afastado.,voice2sign,voice2sign,,Verifica presença do sinal composto EMPURRAR-X na glosa.
voice2sign,LIBRAS.EXPRESSOES-IDIOMATICAS.058,expressoes-idiomaticas,Expressão idiomática 'não combina',A glosa deve usar o sinal CHOQUE para representar os significados 'não combina' ou 'nada a ver'.,A frase em português expressa incompatibilidade ou falta de relação entre elementos.,true,Não combina. -> CHOQUE ; Nada a ver! -> CHOQUE,Gramática da Libras Vol.1 (INES/Quadros et al.) — Cap.5 Morfologia,367,(85) CHOQUE Não combina. Nada a ver!,voice2sign,voice2sign,,Verifica presença do sinal CHOQUE na glosa escrita.
voice2sign,LIBRAS.EXPRESSOES-IDIOMATICAS.059,expressoes-idiomaticas,Expressão idiomática 'encurralar',"A glosa deve usar o sinal composto APERTAR-PESCOÇO-TRÁS para representar os significados 'encurralar alguém', 'estar encurralado', 'num beco sem saída' ou 'acuado ou enforcado (sem dinheiro)'.","A frase em português expressa a ideia de estar sem saída, pressionado ou encurralado.",true,Encurralar alguém. -> APERTAR-PESCOÇO-TRÁS ; Estar encurralado. -> APERTAR-PESCOÇO-TRÁS ; Num beco sem saída. -> APERTAR-PESCOÇO-TRÁS ; Acuado ou enforcado (sem dinheiro). -> APERTAR-PESCOÇO-TRÁS,Gramática da Libras Vol.1 (INES/Quadros et al.) — Cap.5 Morfologia,367,(86) APERTAR-PESCOÇO--TRÁS Encurralar alguém. Estar encurralado. Num beco sem saída. Acuado ou enforcado (sem dinheiro).,voice2sign,voice2sign,,Verifica a presença exata da sequência de sinais na glosa.
voice2sign,LIBRAS.EXPRESSOES-IDIOMATICAS.060,expressoes-idiomaticas,Expressão idiomática: CABEÇA-EXPLODIR,"A glosa deve usar a sequência CABEÇA-EXPLODIR para representar expressões como 'Estar com a cabeça cheia', 'Estar de cabeça quente', 'Tenho muitas coisas a fazer', 'Estou estressado/a' ou 'Cansei disso!'.","A frase em português expressa o sentido de estar com a cabeça cheia, estressado, de cabeça quente ou cansado de algo.",true,Estar com a cabeça cheia. -> CABEÇA-EXPLODIR ; Estou estressado/a. -> CABEÇA-EXPLODIR,Gramática da Libras Vol.1 (INES/Quadros et al.) — Cap.5 Morfologia,368,(89) CABEÇA-EXPLODIR Estar com a cabeça cheia. Estar de cabeça quente. Tenho muitas coisas a fazer. Estou estressado/a. Cansei disso!,voice2sign,voice2sign,,Basta verificar se a sequência de glosas exibe exatamente CABEÇA-EXPLODIR.
voice2sign,LIBRAS.EXPRESSOES-IDIOMATICAS.061,expressoes-idiomaticas,Expressão idiomática: CABEÇA-ABRIR,"A glosa deve usar a sequência CABEÇA-ABRIR para representar expressões como 'Abrir a mente!', 'Pessoa com cabeça à frente do seu tempo', 'Mente aberta', 'Abrir a mente' ou 'Estar aberto/a ao diálogo!'.","A frase em português expressa o sentido de abrir a mente, ter mente aberta ou estar aberto ao diálogo.",true,Abrir a mente! -> CABEÇA-ABRIR ; Mente aberta. -> CABEÇA-ABRIR,Gramática da Libras Vol.1 (INES/Quadros et al.) — Cap.5 Morfologia,369,(90) CABEÇA-ABRIR Abrir a mente! Pessoa com cabeça à frente do seu tempo. (91) CABEÇA-ABRIR Mente aberta. Abrir a mente. Estar aberto/a ao diálogo!,voice2sign,voice2sign,,A regra exige a presença exata da sequência escrita CABEÇA-ABRIR.
voice2sign,LIBRAS.EXPRESSOES-IDIOMATICAS.062,expressoes-idiomaticas,Expressão idiomática: CABEÇA-FECHAR,A glosa deve usar a sequência CABEÇA-FECHAR para representar a expressão 'Estar de cabeça fechada'.,A frase em português expressa o sentido de estar de cabeça fechada.,true,Estar de cabeça fechada. -> CABEÇA-FECHAR,Gramática da Libras Vol.1 (INES/Quadros et al.) — Cap.5 Morfologia,369,(92) CABEÇA-FECHAR Estar de cabeça fechada.,voice2sign,voice2sign,,Basta verificar se a sequência escrita é exatamente CABEÇA-FECHAR.
voice2sign,LIBRAS.EXPRESSOES-IDIOMATICAS.063,expressoes-idiomaticas,Expressão idiomática: BOCHECHA-MURCHAR,A glosa deve usar a sequência BOCHECHA-MURCHAR para representar expressões como 'Levar um susto!' ou 'Perder a cor!'.,A frase em português expressa o sentido de levar um susto ou perder a cor.,true,Levar um susto! -> BOCHECHA-MURCHAR ; Perder a cor! -> BOCHECHA-MURCHAR,Gramática da Libras Vol.1 (INES/Quadros et al.) — Cap.5 Morfologia,369,(93) BOCHECHA- MURCHAR Levar um susto! Perder a cor!,voice2sign,voice2sign,,Basta verificar se a sequência escrita corresponde à glosa exigida.
voice2sign,LIBRAS.EXPRESSOES-IDIOMATICAS.064,expressoes-idiomaticas,Expressão idiomática: ESTAR-NO-ESCURO,"A glosa deve usar a sequência ESTAR-NO-ESCURO para representar expressões como 'Mente sem acesso ao conhecimento', 'Explicação obscura', 'Estar alienado', 'Incompreensível' ou 'Vivendo na escuridão'.","A frase em português expressa o sentido de estar no escuro, ser incompreensível, estar alienado ou ter explicação obscura.",true,Mente sem acesso ao conhecimento. -> ESTAR-NO-ESCURO ; Incompreensível. -> ESTAR-NO-ESCURO,Gramática da Libras Vol.1 (INES/Quadros et al.) — Cap.5 Morfologia,370,(94) ESTAR-NO-ESCURO Mente sem acesso ao conhecimento. Explicação obscura. Estar alienado. Incompreensível. Vivendo na escuridão.,voice2sign,voice2sign,,A regra exige a presença exata da sequência escrita na glosa.
voice2sign,LIBRAS.EXPRESSOES-IDIOMATICAS.065,expressoes-idiomaticas,Expressão idiomática: GARGANTA-DESCER-DIFÍCIL,A glosa deve usar a sequência GARGANTA-DESCER-DIFÍCIL para representar expressões como 'Engolir seco!' ou 'Não consigo aceitar essa situação!'.,A frase em português expressa o sentido de engolir seco ou não conseguir aceitar uma situação.,true,Engolir seco! -> GARGANTA-DESCER-DIFÍCIL ; Não consigo aceitar essa situação! -> GARGANTA-DESCER-DIFÍCIL,Gramática da Libras Vol.1 (INES/Quadros et al.) — Cap.5 Morfologia,370,(95’) e (95”) GARGANTA- DESCER-DIFÍCIL Engolir seco! Não consigo aceitar essa situação!,voice2sign,voice2sign,,A regra exige a presença exata da sequência de sinais escrita na glosa.
voice2sign,LIBRAS.EXPRESSOES-IDIOMATICAS.066,expressoes-idiomaticas,Expressão idiomática: GRANADA-PINO-BOCA SOLTAR,"A glosa deve usar a sequência GRANADA-PINO-BOCA SOLTAR para representar expressões como 'Quero ver o circo pegar fogo!', 'Vou colocar lenha na fogueira' ou 'Espalhar situação polêmica!'.","A frase em português expressa o sentido de querer ver o circo pegar fogo, colocar lenha na fogueira ou espalhar situação polêmica.",true,Quero ver o circo pegar fogo! -> GRANADA-PINO-BOCA SOLTAR ; Vou colocar lenha na fogueira. -> GRANADA-PINO-BOCA SOLTAR,Gramática da Libras Vol.1 (INES/Quadros et al.) — Cap.5 Morfologia,371,(96) GRANADA-PINO-BOCA SOLTAR Quero ver o circo pegar fogo! Vou colocar lenha na fogueira.,voice2sign,voice2sign,,Basta verificar se a sequência de glosas exatas está presente.
voice2sign,LIBRAS.EXPRESSOES-IDIOMATICAS.067,expressoes-idiomaticas,Expressão idiomática: FÓSFORO-RISCAR JOGAR,"A glosa deve usar a sequência FÓSFORO-RISCAR JOGAR para representar expressões como 'Quero ver o circo pegar fogo!', 'Vou colocar lenha na fogueira!' ou 'Espalhar situação polêmica!'.","A frase em português expressa o sentido de querer ver o circo pegar fogo, colocar lenha na fogueira ou espalhar situação polêmica.",true,Quero ver o circo pegar fogo! -> FÓSFORO-RISCAR JOGAR ; Espalhar situação polêmica! -> FÓSFORO-RISCAR JOGAR,Gramática da Libras Vol.1 (INES/Quadros et al.) — Cap.5 Morfologia,371,(97) FÓSFORO-RISCAR JOGAR Quero ver o circo pegar fogo! Vou colocar lenha na fogueira! Espalhar situação polêmica!,voice2sign,voice2sign,,A regra exige a presença exata da sequência de sinais escrita.
voice2sign,LIBRAS.EXPRESSOES-IDIOMATICAS.068,expressoes-idiomaticas,Expressão idiomática: MÃOS-RECUAR,"A glosa deve usar a sequência MÃOS-RECUAR para representar expressões como 'Tirar o corpo fora!', 'Retirar-se!', 'Pôr-se fora!', 'Não querer se envolver!'.","A frase em português expressa o sentido de tirar o corpo fora, retirar-se, pôr-se fora ou não querer se envolver.",true,Tirar o corpo fora! -> MÃOS-RECUAR ; Não querer se envolver! -> MÃOS-RECUAR,Gramática da Libras Vol.1 (INES/Quadros et al.) — Cap.5 Morfologia,371,(98) MÃOS-RECUAR Tirar o corpo fora! Retirar-se! Pôr-se fora! Não querer se envolver!,voice2sign,voice2sign,,Basta verificar se a sequência MÃOS-RECUAR aparece na glosa.
voice2sign,LIBRAS.EXPRESSOES-IDIOMATICAS.069,expressoes-idiomaticas,Expressão idiomática: MÃOS-TIRAR,"A glosa deve usar a sequência MÃOS-TIRAR para representar expressões como 'Me deixe fora disso!', 'Estar fora!', 'Não vou me envolver!', 'Não pôr nem as mãos!' ou 'Deixe-me fora disso!'.","A frase em português expressa o sentido de pedir para ficar fora, estar fora, não se envolver ou não pôr as mãos em algo.",true,Me deixe fora disso! -> MÃOS-TIRAR ; Não vou me envolver! -> MÃOS-TIRAR,Gramática da Libras Vol.1 (INES/Quadros et al.) — Cap.5 Morfologia,371,(99) MÃOS-TIRAR Me deixe fora disso! Estar fora! Não vou me envolver! Não pôr nem as mãos! Deixe-me fora disso!,voice2sign,voice2sign,,Basta verificar se a sequência MÃOS-TIRAR aparece na glosa.
voice2sign,LIBRAS.EXPRESSOES-IDIOMATICAS.070,expressoes-idiomaticas,Mapeamento idiomático: MÃOS-LIMPAR,"A glosa deve usar a etiqueta MÃOS-LIMPAR para representar a expressão idiomática, e não a tradução literal 'LAVAR MÃOS'.","A frase em português expressa o sentido idiomático de 'fazer a sua parte' ou 'cumprir o dever', associado à expressão 'lavar as mãos'.",true,Lavar as mãos. -> MÃOS-LIMPAR ; Fiz minha parte. -> MÃOS-LIMPAR,Gramática da Libras Vol.1 (INES/Quadros et al.) — Cap.5 Morfologia,372,(100) MÃOS-LIMPAR Lavar as mãos. Fiz minha parte.,voice2sign,voice2sign,,Basta verificar se a etiqueta MÃOS-LIMPAR aparece na glosa.
voice2sign,LIBRAS.EXPRESSOES-IDIOMATICAS.071,expressoes-idiomaticas,Mapeamento idiomático: BOCA-FECHAR,"A glosa deve usar a etiqueta BOCA-FECHAR para representar a expressão idiomática de mandar calar ou silenciar alguém por superioridade, e não a tradução literal 'FECHAR BOCA'.","A frase em português expressa comandos como 'fique quieto', 'cale a boca' ou o sentido de 'lacrar alguém'.",true,Fique quieto! -> BOCA-FECHAR ; Cale a boca! -> BOCA-FECHAR,Gramática da Libras Vol.1 (INES/Quadros et al.) — Cap.5 Morfologia,372,(101) BOCA-FECHAR Fique quieto! Fique na sua! Cale a boca! “Lacrar alguém”!,voice2sign,voice2sign,,Verifica se a etiqueta escrita é BOCA-FECHAR e não FECHAR BOCA.
voice2sign,LIBRAS.EXPRESSOES-IDIOMATICAS.072,expressoes-idiomaticas,Mapeamento idiomático: CALAR-ALGUÉM,"A glosa deve usar a etiqueta CALAR-ALGUÉM para representar a expressão idiomática de deixar alguém sem argumentos ou moral, e não a tradução literal 'CALAR'.","A frase em português expressa o sentido de 'deixar alguém sem palavras', 'sem argumentos' ou 'ficar sem moral'.",true,Deixar alguém sem palavras. -> CALAR-ALGUÉM ; Ficar sem moral. -> CALAR-ALGUÉM,Gramática da Libras Vol.1 (INES/Quadros et al.) — Cap.5 Morfologia,372,(102) CALAR-ALGUÉM Deixar alguém sem palavras. Deixar alguém sem argumen- tos. Ficar sem moral.,voice2sign,voice2sign,,Basta verificar se a etiqueta CALAR-ALGUÉM aparece na glosa.
voice2sign,LIBRAS.EXPRESSOES-IDIOMATICAS.073,expressoes-idiomaticas,Mapeamento idiomático: OLHOS-SALTAR,"A glosa deve usar a etiqueta OLHOS-SALTAR para representar a expressão idiomática de arregalar os olhos ou ficar interessado, e não a tradução literal 'OLHOS PULAR'.","A frase em português expressa 'arregalar os olhos', 'ficar com os olhos esbugalhados' ou 'interesseiro'.",true,Arregalar os olhos. -> OLHOS-SALTAR ; Interesseiro! -> OLHOS-SALTAR,Gramática da Libras Vol.1 (INES/Quadros et al.) — Cap.5 Morfologia,375,(109) OLHOS-SALTAR Arregalar os olhos. Ficar com os olhos esbugalhados. Interesseiro!,voice2sign,voice2sign,,Verifica se a etiqueta escrita é OLHOS-SALTAR e não OLHOS PULAR.
voice2sign,LIBRAS.EXPRESSOES-IDIOMATICAS.074,expressoes-idiomaticas,Mapeamento idiomático: OLHOS-INCHAR,"A glosa deve usar a etiqueta OLHOS-INCHAR para representar a expressão idiomática de encher os olhos ou admirar, e não a tradução literal 'OLHOS INCHAR' (que pode ser ambígua sem contexto, mas aqui é a forma fixa).",A frase em português expressa 'encher os olhos' ou 'é de admirar'.,true,Encher os olhos. -> OLHOS-INCHAR ; É de admirar! -> OLHOS-INCHAR,Gramática da Libras Vol.1 (INES/Quadros et al.) — Cap.5 Morfologia,375,(110) OLHOS-INCHAR Encher os olhos. É de admirar!,voice2sign,voice2sign,,Verifica se a etiqueta escrita é OLHOS-INCHAR ou OLHOS INCHAR.
voice2sign,LIBRAS.EXPRESSOES-IDIOMATICAS.075,expressoes-idiomaticas,Mapeamento idiomático: OLHOS-QUICAR,"A glosa deve usar a etiqueta OLHOS-QUICAR para representar a expressão idiomática de ficar abismado, impressionado ou surpreso, e não a tradução literal 'OLHOS QUICAR'.","A frase em português expressa 'abismado', 'impressionante', 'chocante' ou 'estou surpreso'.",true,Abismado! -> OLHOS-QUICAR ; Estou surpreso! -> OLHOS-QUICAR,Gramática da Libras Vol.1 (INES/Quadros et al.) — Cap.5 Morfologia,375,(111) OLHOS-QUICAR Abismado! Impressionante! Chocante! Impressionante! Estou surpreso!,voice2sign,voice2sign,,Verifica se a etiqueta escrita é OLHOS-QUICAR ou OLHOS QUICAR.
voice2sign,LIBRAS.EXPRESSOES-IDIOMATICAS.076,expressoes-idiomaticas,Mapeamento idiomático: OLHOS-CAIR,"A glosa deve usar a etiqueta OLHOS-CAIR para representar a expressão idiomática de olhos arregalados (de espanto), e não a tradução literal 'OLHOS CAIR'.",A frase em português expressa 'olhos arregalados' (no sentido de espanto/assombro).,true,Olhos arregalados! -> OLHOS-CAIR,Gramática da Libras Vol.1 (INES/Quadros et al.) — Cap.5 Morfologia,375,(112) OLHOS-CAIR Olhos arregalados!,voice2sign,voice2sign,,Verifica se a etiqueta escrita é OLHOS-CAIR ou OLHOS CAIR.
voice2sign,LIBRAS.EXPRESSOES-IDIOMATICAS.077,expressoes-idiomaticas,Expressão idiomática OLHOS-CAIR ROUPA-LIMPAR,"A glosa deve usar a sequência OLHOS-CAIR ROUPA-LIMPAR para representar o sentido de surpresa extrema ou incredulidade, e não a tradução literal das palavras.","A frase em português expressa o sentido de 'inacreditável', 'por essa eu não esperava', 'me belisca' ou 'espera aí, é verdade isso'.",true,"Inacreditável! -> OLHOS-CAIR ROUPA-LIMPAR ; Por essa eu não esperava! -> OLHOS-CAIR ROUPA-LIMPAR ; Me belisca! -> OLHOS-CAIR ROUPA-LIMPAR ; Espera aí, é verdade isso? -> OLHOS-CAIR ROUPA-LIMPAR",Gramática da Libras Vol.1 (INES/Quadros et al.) — Cap.5 Morfologia,376,"(113) OLHOS-CAIR ROUPA--LIMPAR Inacreditável! Por essa eu não esperava! Me belisca! Espera aí, é verdade isso?",voice2sign,voice2sign,,Basta verificar se a sequência de glosas escritas corresponde ao padrão exigido.
voice2sign,LIBRAS.SINTAXE.001,sintaxe,Ordem fixa em compostos verdadeiros,A ordem dos sinais na glosa deve ser invariável. A inversão da ordem dos elementos do composto é agramatical e deve ser marcada como incorreta (ex: *CRUZ^CASA).,"A frase em português corresponde a um composto 'verdadeiro' (genuíno) em Libras, como 'igreja' (CASA^CRUZ).",true,igreja -> CASA^CRUZ (correto) ; igreja -> *CRUZ^CASA (agramatical),Gramática da Libras Vol.1 (INES/Quadros et al.) — Cap.5 Morfologia,205,"Com supressão da repetição e ordem fixa, invariável; são aqueles que se dão por justaposição ou por aglutinação, como é o caso de (91) CASA^CRUZ (igreja) e que não pode ter sua ordem trocada como em (92) *CRUZ^CASA, porque essa alteração de ordem é agramatical",voice2sign,voice2sign,,A ordem dos sinais na glosa é linear e verificável.
voice2sign,LIBRAS.SINTAXE.002,sintaxe,Ordem fixa em compostos de lugar,A glosa deve apresentar o elemento que denota o lugar à esquerda do elemento que denota o objeto ou função (ex: CASA^CRUZ). A ordem inversa é agramatical.,"A frase em português descreve um composto que indica um lugar (ex: igreja, padaria) formado por dois sinais.",true,igreja -> CASA^CRUZ ; *CRUZ^CASA (agramatical),Gramática da Libras Vol.1 (INES/Quadros et al.) — Cap.5 Morfologia,206,"Quando os compostos criados indicam lugares, o núcleo se encontra à esquerda.",voice2sign,voice2sign,,A ordem relativa dos sinais na glosa é linear e verificável.
voice2sign,LIBRAS.SINTAXE.003,sintaxe,Ordem variável em compostos aparentes,"A glosa pode apresentar os elementos do composto em qualquer ordem, pois ambas as estruturas são gramaticais (ex: PÃO^CASA ou CASA^PÃO).",A frase em português descreve um composto 'aparente' onde cada sinal pode ocorrer isoladamente (ex: padaria).,true,padaria -> PÃO^CASA ; padaria -> CASA^PÃO,Gramática da Libras Vol.1 (INES/Quadros et al.) — Cap.5 Morfologia,206,b) Compostos aparentes: A ordem dos elementos componentes é variável. Cada sinal pode ocorrer isoladamente,voice2sign,voice2sign,,A ordem dos sinais na glosa é linear e verificável.
voice2sign,LIBRAS.LEXICO.001,lexico,Composto PAI^MÃE para 'pais',"A glosa deve usar o composto PAI^MÃE para representar o conceito de 'pais' (plural, ambos os genitores).",A frase em português contém a palavra 'pais' referindo-se aos genitores (pai e mãe).,true,pais -> PAI^MÃE,Gramática da Libras Vol.1 (INES/Quadros et al.) — Cap.5 Morfologia,205,O principal exemplo que podemos dar é (90) PAI^MÃE para se referir a pais,voice2sign,voice2sign,,Verifica presença exata do composto escrito na glosa.
voice2sign,LIBRAS.LEXICO.002,lexico,Composto CASA^ESTUDAR para 'escola',A glosa deve usar o composto CASA^ESTUDAR para representar o conceito de 'escola'.,A frase em português contém a palavra 'escola'.,true,escola -> CASA^ESTUDAR,Gramática da Libras Vol.1 (INES/Quadros et al.) — Cap.5 Morfologia,201,"Retomando o caso de (78) CASA^ESTU -DAR(escola), em que ocorre a perda da repetição do sinal (61) CASA e da repetição do sinal (77) ESTUDAR",voice2sign,voice2sign,,Basta verificar se a sequência escrita contém o composto CASA^ESTUDAR.
voice2sign,LIBRAS.LEXICO.003,lexico,Composto MULHER^BEIJO-NA-MÃO para 'mãe',A glosa deve usar o composto MULHER^BEIJO-NA-MÃO para representar o conceito de 'mãe'.,A frase em português contém a palavra 'mãe'.,true,mãe -> MULHER^BEIJO-NA-MÃO,Gramática da Libras Vol.1 (INES/Quadros et al.) — Cap.5 Morfologia,202,(82) MULHER^BEIJO-NA-MÃO (mãe),voice2sign,voice2sign,,Basta verificar se a sequência escrita contém o composto específico.
voice2sign,LIBRAS.LEXICO.004,lexico,Composto COMER^MEIO-DIA para 'almoço',A glosa deve usar o composto COMER^MEIO-DIA para representar o conceito de 'almoço'.,A frase em português contém a palavra 'almoço'.,true,almoço -> COMER^MEIO-DIA,Gramática da Libras Vol.1 (INES/Quadros et al.) — Cap.5 Morfologia,203,(83) COMER^MEIO-DIA (almoço),voice2sign,voice2sign,,Basta verificar se a sequência escrita contém o composto específico.
voice2sign,LIBRAS.LEXICO.005,lexico,Composto CASA^ANTIGA para 'museu',A glosa deve usar o composto CASA^ANTIGA para representar o conceito de 'museu'.,A frase em português contém a palavra 'museu'.,true,museu -> CASA^ANTIGA,Gramática da Libras Vol.1 (INES/Quadros et al.) — Cap.5 Morfologia,203,(84) CASA^ANTIGA (museu),voice2sign,voice2sign,,Basta verificar se a sequência escrita contém o composto CASA^ANTIGA.
voice2sign,LIBRAS.LEXICO.006,lexico,Composto LEÃO^ETC para 'animais',A glosa deve usar o composto LEÃO^ETC para representar o conceito de 'animais'.,A frase em português contém a palavra 'animais'.,true,animais -> LEÃO^ETC,Gramática da Libras Vol.1 (INES/Quadros et al.) — Cap.5 Morfologia,204,(86) LEÃO^ETC (animais),voice2sign,voice2sign,,Verifica presença do composto escrito na glosa.
voice2sign,LIBRAS.LEXICO.007,lexico,Composto MAÇÃ^ETC para 'frutas',A glosa deve usar o composto MAÇÃ^ETC para representar o conceito de 'frutas'.,A frase em português contém a palavra 'frutas'.,true,frutas -> MAÇÃ^ETC,Gramática da Libras Vol.1 (INES/Quadros et al.) — Cap.5 Morfologia,204,(87) MAÇÃ^ETC (frutas),voice2sign,voice2sign,,Verifica presença do composto escrito na glosa.
voice2sign,LIBRAS.LEXICO.008,lexico,Composto ROUPA^ETC para 'vestuário',A glosa deve usar o composto ROUPA^ETC para representar o conceito de 'vestuário'.,A frase em português contém a palavra 'vestuário'.,true,vestuário -> ROUPA^ETC,Gramática da Libras Vol.1 (INES/Quadros et al.) — Cap.5 Morfologia,204,(88) ROUPA^ETC (vestuário),voice2sign,voice2sign,,Verifica presença do composto escrito na glosa.
voice2sign,LIBRAS.LEXICO.009,lexico,Composto PÉ^PÉ para 'chinelo',A glosa deve usar o composto PÉ^PÉ para representar o conceito de 'chinelo'.,A frase em português contém a palavra 'chinelo'.,true,chinelo -> PÉ^PÉ,Gramática da Libras Vol.1 (INES/Quadros et al.) — Cap.5 Morfologia,205,(89) PÉ^PÉ (chinelo),voice2sign,voice2sign,,Verifica presença exata do composto escrito na glosa.
voice2sign,LIBRAS.LEXICO.010,lexico,Composto CASA^CRUZ para 'igreja',A glosa deve usar o composto CASA^CRUZ para representar o conceito de 'igreja'.,A frase em português contém a palavra 'igreja'.,true,igreja -> CASA^CRUZ,Gramática da Libras Vol.1 (INES/Quadros et al.) — Cap.5 Morfologia,205,como é o caso de (91) CASA^CRUZ (igreja),voice2sign,voice2sign,,Basta verificar se a sequência escrita contém o composto CASA^CRUZ.
voice2sign,LIBRAS.CONCORDANCIA.005,concordancia,Representação de verbos com concordância número-pessoal,"A glosa deve representar o verbo com concordância número-pessoal (como VER, RESPONDER, MOSTRAR, CHAMAR, BUSCAR) utilizando a notação de incorporação de pronomes, onde o pronome oblíquo ou direto é prefixado ao verbo com hífen (ex: ME-VER, ME-CHAMAR). A direção do movimento (normal ou reverso) não é explicitada por sufixos ou marcadores adicionais na glosa linear, mas a estrutura 'PRONOME-VERBO' é obrigatória para indicar a flexão.","A frase em português contém um verbo que, em Libras, é flexionado por concordância número-pessoal (sujeito-objeto).",true,ME-VER ; ME-CHAMAR,Gramática da Libras Vol.1 (INES/Quadros et al.) — Cap.5 Morfologia,231,(147) ME-VER (148) ME-CHAMAR,voice2sign,voice2sign,,A estrutura PRONOME-VERBO com hífen é visível na glosa escrita.
voice2sign,LIBRAS.CONCORDANCIA.006,concordancia,Concordância verbal em expressões idiomáticas (PEGAR-NO-PÉ),"A glosa deve incluir marcadores de concordância (números de pessoa) antes do verbo na expressão idiomática, indicando a direção da ação (ex: 1-3PEGAR-NO-PÉ para 'eu pego no pé dele').",A frase em português contém a expressão idiomática 'pegar no pé' e há necessidade de especificar o agente e o paciente da ação.,true,Eu pego no pé del@. -> 1-3PEGAR-NO-PÉ ; Pegou no meu pé! -> 2-1PEGAR-NO-PÉ,Gramática da Libras Vol.1 (INES/Quadros et al.) — Cap.5 Morfologia,373,(103) 1-3PEGAR-NO-PÉ Eu pego no pé del@. ... (104) 2-1PEGAR-NO-PÉ Pegou no meu pé!,voice2sign,voice2sign,,A presença dos marcadores numéricos antes do verbo é visível na glosa.
voice2sign,LIBRAS.CONCORDANCIA.007,concordancia,Concordância verbal em expressões idiomáticas (DIZER-ALGO-PARA),"A glosa deve incluir marcadores de concordância (números de pessoa) antes do verbo na expressão idiomática, indicando a direção da ação (ex: 2-DIZER-ALGO-PARA-1 para 'me ofendeu').","A frase em português contém a expressão idiomática 'dizer algo para' (sentido de ofender, avisar, ser franco) e há necessidade de especificar o agente e o paciente.",true,…Me ofendeu! -> 2-DIZER-ALGO-PARA-1 ; Vou dizer uma palavra só! -> 1-DIZER-ALGO-PARA-2,Gramática da Libras Vol.1 (INES/Quadros et al.) — Cap.5 Morfologia,373,(105) 2-DIZER-ALGO-PARA-1 …Me ofendeu! ... (106) 1-DIZER-ALGO-PARA-2 Vou dizer uma palavra só!,voice2sign,voice2sign,,A presença e ordem dos marcadores numéricos na glosa são verificáveis.
voice2sign,LIBRAS.CONCORDANCIA.008,concordancia,Concordância verbal em expressões idiomáticas (EXPULSAR),"A glosa deve incluir marcadores de concordância (números de pessoa) antes do verbo na expressão idiomática, indicando a direção da ação (ex: 1-EXPULSAR-2 para 'expulsei ele').",A frase em português contém a expressão idiomática 'expulsar' e há necessidade de especificar o agente e o paciente da ação.,true,Expulsei el@. -> 1-EXPULSAR-2 ; Fui expulso. -> 2-EXPULSAR-1,Gramática da Libras Vol.1 (INES/Quadros et al.) — Cap.5 Morfologia,374,(107) 1-EXPULSAR-2 Expulsei el@. (108) 2-EXPULSAR-1 Fui expulso.,voice2sign,voice2sign,,A presença e ordem dos marcadores numéricos na glosa são verificáveis.
