id,categoria,titulo,descricao,gatilho,verificavel_por_texto,exemplos,fonte_pagina,fonte_citacao
ASLFD.CAP02.001,morfologia,Distinção de substantivos e verbos com mesma forma,"Substantivos e verbos com a mesma forma manual são distinguidos pelo número de movimentos: substantivos usam movimento duplo, verbos movimento simples. Exceções existem, mas a maioria dos substantivos segue essa regra.",quando um substantivo e verbo compartilham a mesma forma manual,True,CHAIR (SIT) - substantivo com movimento duplo ; PLANE (FLY) - substantivo com movimento duplo,29,Some nouns and verbs in Sign share the same handshapes. You distinguish the part of speech by signing the motion once if it’s a verb and twice if it’s a noun.
ASLFD.CAP02.002,sintaxe,Ordem flexível em frases simples,"Em ASL, a ordem sujeito-verbo ou verbo-sujeito é aceitável em frases simples, sem alterar o significado. Ex: 'HE RAN' e 'RAN HIM' são ambas válidas.",em frases simples com apenas sujeito e verbo,True,HE RAN ; RAN HIM,37,Sign allows you to put the subject before or after the verb when dealing with simple sentences; it doesn’t matter which word comes first.
ASLFD.CAP02.003,sintaxe,Posição de objetos diretos,Objetos diretos podem vir antes do sujeito ou após o verbo. Ex: 'FOOD HE SELLS' e 'HE SELLS FOOD' são ambas válidas.,quando um objeto direto está presente,True,FOOD HE SELLS ; HE SELLS FOOD,38,"However, in ASL, the direct object can go either before the subject or after the verb."
ASLFD.CAP02.004,sintaxe,Posição de objetos indiretos,Objetos indiretos são colocados após o sujeito e antes da ação. Ex: 'DOG BONE — GIRL — THROW' (A menina joga um osso para o cachorro).,quando um objeto indireto está presente,True,DOG BONE — GIRL — THROW,40,You place the indirect object right after the subject and then show the action.
ASLFD.CAP02.005,tempo-aspecto,Indicação de tempo passado,"O tempo passado é indicado pelo sinal 'FINISH' (FISH) em nível do peito ou acima, no início ou fim da frase.",quando uma ação ocorreu no passado,True,HE GO — FINISH (ele foi),34,"To place everything you sign into past tense, you sign finish at chest level or higher... while saying the word fish."
ASLFD.CAP02.006,tempo-aspecto,Indicação de tempo futuro,"O tempo futuro é indicado pelo sinal 'WILL' no final da frase, com a distância do corpo indicando proximidade temporal.",quando uma ação ocorrerá no futuro,True,HE GO — WILL (ele irá),34,You indicate future tense by signing and saying will at the end of a sentence.
ASLFD.CAP02.007,morfologia,Formação de agentes (personificação),Verbos podem ser transformados em substantivos (agentes) adicionando um movimento de deslizar as palmas dos lados do corpo. Ex: 'WRITE + AGENT = WRITER'.,quando um verbo é transformado em um agente,True,FLY + AGENT = PILOT ; COOK + AGENT = CHEF,50,"In ASL, turning a verb into a person is called personification... glide the heels of your hands down the sides of your body."
ASLFD.CAP02.008,sintaxe,Exclamações em frases simples,Exclamações podem vir no início ou no final da frase. Ex: 'WOW — ANNIVERSARY 50 YEARS US' e 'ANNIVERSARY 50 YEARS US — WOW' são ambas válidas.,quando uma exclamação é usada,True,WOW — ANNIVERSARY 50 YEARS US ; ANNIVERSARY 50 YEARS US — WOW,45,You can sign exclamations at the beginning or end of the sentence.
ASLFD.CAP02.009,morfologia,Classificadores de forma/tamanho,"Classificadores usam formas manuais específicas para representar objetos com base em sua forma ou tamanho. Ex: forma A para objetos eretos, forma C para objetos arqueados.",quando descrevendo objetos com base em forma/tamanho,True,A (vase/stop sign) ; C (muscle/glass),52,"Classifiers are handshapes that can represent a person, place, or a thing by showing how things are positioned or shaped."
