pipeline,id,categoria,titulo,descricao,gatilho,verificavel_por_texto,exemplos,fonte_livro,fonte_pagina,fonte_citacao
voice2sign,LIBRAS.SINTAXE.001,sintaxe,Ordem básica SVO como dominante,"A ordem básica da frase na Libras é Sujeito-Verbo-Objeto (SVO), que é a mais comum e gramatical em construções simples sem marcações adicionais.","frase simples com sujeito, verbo e objeto, sem marcações não-manuais ou estruturas complexas",True,El@ assiste TV ; IX GOSTA FUTEBOL,Língua de Sinais Brasileira: Estudos Linguísticos (Quadros & Karnopp) — Cap.4 A sintaxe espacial,135,Todas as frases com a ordem SVO são gramaticais:
voice2sign,LIBRAS.SINTAXE.002,sintaxe,"Variações SVO, OSV e SOV exigem marcações não-manuais","As ordenações OSV e SOV só são gramaticais quando acompanhadas de marcações não-manuais (como foco, tópico ou concordância), indicando que a variação é motivada por fatores pragmáticos ou semânticos.",frase com ordem OSV ou SOV,True,<TVb>do <IXa>do <aASSISTEb>do (OSV) ; <IXa>do <TVb>do <aASSISTEb>do (SOV) ; FUTEBOL <IX>do <GOSTA>do (OSV) ; <IX>do FUTEBOL <GOSTA>mc (SOV),Língua de Sinais Brasileira: Estudos Linguísticos (Quadros & Karnopp) — Cap.4 A sintaxe espacial,136,"As ordens OSV e SOV ocorrem somente quando há alguma coisa a mais na sentença, como a concordância e as marcas não-manuais:"
voice2sign,LIBRAS.SINTAXE.003,sintaxe,Ordem básica SVO,"A ordem SVO (sujeito-verbos-objeto) é a ordem mais básica e fundamental na Libras, sendo a única que não depende de marcas não-manuais ou estruturas complexas para ser gramaticalmente válida.",frase simples com verbo sem concordância e objeto simples,True,EU ACHAR [ IP MARIAa <aIR-EMBORAloc>do] ; JOÃO COMPRAR CARRO AMANHÃ,Língua de Sinais Brasileira: Estudos Linguísticos (Quadros & Karnopp) — Cap.4 A sintaxe espacial,138,"Assim, parece que de fato esta ordem é a mais básica."
voice2sign,LIBRAS.SINTAXE.004,sintaxe,Restrição à ordem SOV com objeto complexo,A ordem SOV não pode ser usada quando o objeto é uma oração subordinada complexa; apenas objetos simples permitem essa reordenação.,verbo com concordância + objeto complexo (oração subordinada),True,EU ACHAR [ IP MARIAa <aIR-EMBORAloc>do] ; *I [IP MARIAa aIR-EMBORA] ACHAR,Língua de Sinais Brasileira: Estudos Linguísticos (Quadros & Karnopp) — Cap.4 A sintaxe espacial,138,"As construções ilustradas evidenciam que a ordem SOV não pode ser derivada quando o objeto é uma oração subordinada, diferente de uma oração simples do tipo JOÃO [FUTEBOL] <GOSTAR>f e MARIA [LIVRO] <aDARb>do associadas às respectivas marcas não-manuais."
voice2sign,LIBRAS.SINTAXE.005,sintaxe,Advérbios não podem interromper verbo-objeto,"Advérbios temporais e de freqüência não podem ser inseridos entre o verbo e o objeto em estruturas VP[V NP], o que reforça a base SVO.",frase com advérbio temporal ou de freqüência entre verbo e objeto,True,*JOÃO COMPRAR ONTEM CARRO ; *EU BEBER ALGUMAS-VEZES LEITE,Língua de Sinais Brasileira: Estudos Linguísticos (Quadros & Karnopp) — Cap.4 A sintaxe espacial,139,Os advérbios temporais e de freqüência não podem interromper uma relação entre o verbo e o objeto: [VP[V NP]]. Isso é considerado mais um argumento para conceber a ordem SVO como básica na língua de sinais brasileira.
voice2sign,LIBRAS.SINTAXE.006,sintaxe,Posição flexível de advérbios,"Advérbios temporais podem estar antes ou depois da oração (IP AgrP), e advérbios de freqüência podem estar antes ou depois do complemento verbal (VP), sem violar a gramática.",advérbio temporal ou de freqüência em frase,True,AMANHÃ JOÃO COMPRAR CARRO ; EU BEBO LEITE ALGUMAS-VEZES,Língua de Sinais Brasileira: Estudos Linguísticos (Quadros & Karnopp) — Cap.4 A sintaxe espacial,140,"Os advérbios temporais podem estar antes ou depois da oração (IP (AgrP)). E os advérbios de freqüência podem estar antes ou depois do complemento verbal (VP) (como ilustrado através dos exemplos a seguir, respectivamente)."
voice2sign,LIBRAS.SINTAXE.007,sintaxe,Cópia do tópico em construções com tópico,"Construções com tópico podem incluir uma cópia do tópico ou um pronome co-referencial, especialmente quando o tópico não está ligado a posição argumental.",frase com tópico sem ligação argumental,True,"<[FRANÇA]i>t <EU VOU ti>mc ; <[EU] j>t <[FRANÇA]i>t tj <VOU ti>mc ; <ANIMAIS>, EU GOSTO GATO",Língua de Sinais Brasileira: Estudos Linguísticos (Quadros & Karnopp) — Cap.4 A sintaxe espacial,146,"Assim, tais construções sempre podem ter, além do tópico, uma cópia desse tópico ou um pronome co-referencial a esse tópico, como nas ilustrações a seguir."
voice2sign,LIBRAS.SINTAXE.008,sintaxe,Omissão de sujeito e objeto em verbos com concordância,"Verbos com concordância permitem a omissão tanto do sujeito quanto do objeto, derivando a ordem (S)V(O).",verbo com concordância em contexto de omissão de sujeito e objeto,True,JOÃOa MARIAb aDARb ; LIVRO NÃO,Língua de Sinais Brasileira: Estudos Linguísticos (Quadros & Karnopp) — Cap.4 A sintaxe espacial,150,"A ordem (S)V(O) é derivada pela possibilidade de omitir-se tanto o sujeito como o objeto nas construções com verbos com concordância (Quadros, 1995)."
voice2sign,LIBRAS.SINTAXE.009,sintaxe,Ordem VOS em foco contrastivo,"A ordem VOS pode ocorrer em contextos de foco contrastivo, especialmente quando há ênfase no verbo.",frase com foco contrastivo e verbo no início,True,COMPRAR CARRO <JOÃO> foco ; QUEM COMPRAR CARRO JOÃO OU MARIA?,Língua de Sinais Brasileira: Estudos Linguísticos (Quadros & Karnopp) — Cap.4 A sintaxe espacial,151,"A ordem VOS também pode ocorrer em contextos de foco contrastivo (Arratéia, 2003)."
voice2sign,LIBRAS.SINTAXE.010,sintaxe,Ordem de sinais mais livre com verbos com concordância,Sentenças com verbos com concordância permitem maior liberdade na ordenação dos constituintes em comparação com sentenças com verbos sem concordância.,verbo com concordância em frase com ordenação não-SVO,True,JOÃO <GOSTAR MARIA>do ; JOÃO <aAJUDARb MARIA>do,Língua de Sinais Brasileira: Estudos Linguísticos (Quadros & Karnopp) — Cap.4 A sintaxe espacial,154,As sentenças contendo verbos com concordância parecem apresentar mais liberdade na sua ordenação do que aquelas contendo verbos sem concordância.
voice2sign,LIBRAS.SINTAXE.011,sintaxe,Omissão de verbo sem auxiliar não é permitida em sentenças complexas,"Em sentenças complexas, a omissão de um verbo sem o auxiliar (AUX) é gramaticalmente inválida, exceto quando há identidade entre o verbo e seu antecedente.",frase complexa com omissão de verbo,True,"*<aMARIA>do <bJOÃO>do <aAUXb>do <[GOSTAR] i,>mc <bJOÃO>do <TAMBÉM [e] I >mc ; JOÃOa <NÃO <bCARREGAR-CAIXAc>do>n",Língua de Sinais Brasileira: Estudos Linguísticos (Quadros & Karnopp) — Cap.4 A sintaxe espacial,161,"Na língua de sinais brasileira, a omissão sem o auxiliar não é permitida:"
voice2sign,LIBRAS.SINTAXE.012,sintaxe,Ordem de sinais: sujeito-objeto-verbo com foco,"A ordem básica da frase em Libras é sujeito-objeto-verbo, mas pode ser alterada por movimentação de foco, onde o núcleo em foco é movido para o início da frase, seguido do verbo e do restante da estrutura.",presença de foco em um elemento da frase,True,[FP [EU PERDER LIVRO] i <[F PERDER] [IP t i ]>mc ; [FP [QUEM GOSTAR GATO] i >qu <[F QUEM] [IP t i ]>qu,Língua de Sinais Brasileira: Estudos Linguísticos (Quadros & Karnopp) — Cap.4 A sintaxe espacial,174,[FP [EU PERDER LIVRO] i <[F PERDER] [IP t i ]>mc
voice2sign,LIBRAS.SINTAXE.013,sintaxe,Construções com classificadores ocupam posição final,"Predicados complexos com classificadores, que incorporam objeto e ação em um único sinal, sempre ocupam a posição final da frase.",presença de classificador com verbo complexo (ex: CL(carro)-BATER-POSTE),True,<JOÃO>t <CARRO>t <CL(carro)-BATER-POSTE+>cl ; <JOÃO>t <MARIA>t <CL(pessoa)-CRUZAR-UMa-PELO-OUTRO>cl,Língua de Sinais Brasileira: Estudos Linguísticos (Quadros & Karnopp) — Cap.4 A sintaxe espacial,205,Note-se ainda que tais construções seguem o mesmo padrão: todas ocupam a posição final da sentença.
voice2sign,LIBRAS.SINTAXE.014,sintaxe,Ordem SVO padrão com exceções em construções manuais,"A ordem sintática padrão na Libras é SVO, mas construções com verbos manuais podem apresentar ordem não padrão (como OSV) quando envolvem classificadores complexos.",presença de predicado complexo com classificador,True,BOLA JOÃO BATER-COM-TACO ; WOMAN PIE PUT-IN-OVEN,Língua de Sinais Brasileira: Estudos Linguísticos (Quadros & Karnopp) — Cap.4 A sintaxe espacial,203,Liddell também observou que há possibilidade de estruturas OSV serem geradas na língua de sinais americana sem marca de tópico em exemplos em que há um predicado complexo
voice2sign,LIBRAS.SINTAXE.015,sintaxe,Ordem de sinais em frases complexas,"A ordem dos sinais em frases complexas em Libras segue uma estrutura que prioriza o foco e a clareza semântica, frequentemente invertendo a ordem do português.",Em frases com estrutura complexa ou com foco em um elemento específico,True,A LÍNGUA DE SINAIS BRASILEIRA ORGANIZA A FRASE DE FORMA QUE O FOCO SEJA DESTACADO ; A ORDEM DOS SINAIS PODE SER INVERTIDA EM RELAÇÃO AO PORTUGUÊS PARA GARANTIR CLAREZA,Gramática da Libras Vol.1 (INES/Quadros et al.) — Cap.5 Morfologia,337,"A própria enunciação já vem carregada de uma ideologia, do poder “camuflado”, dos signos visuais, com suas estruturas expressivas, sutis, impregnada das tendências afetivo-volitivas que na relação entre dois interlocutores se formam em um único signo da relação."
voice2sign,LIBRAS.SINTAXE.016,sintaxe,Concordância verbal em expressões idiomáticas,"Expressões idiomáticas em Libras podem apresentar concordância verbal, com variação na direção da ação conforme o sujeito e objeto da oração.",Expressão idiomática com ação direcional que varia conforme sujeito e objeto,True,1-3PEGAR-NO-PÉ -> Eu pego no pé del@. ; 2-1PEGAR-NO-PÉ -> Pegou no meu pé! ; 2-DIZER-ALGO-PARA-1 -> …Me ofendeu! ; 1-DIZER-ALGO-PARA-2 -> Vou dizer uma palavra só! ; 1-EXPULSAR-2 -> Expulsei el@. ; 2-EXPULSAR-1 -> Fui expulso.,Gramática da Libras Vol.1 (INES/Quadros et al.) — Cap.5 Morfologia,373,"Do ponto de vista sintático, as expressões idiomáticas também podem concordar com o sujeito da oração. Existem, assim, expressões idiomáticas sinalizadas que apresentam concordância verbal."
voice2sign,LIBRAS.PRONOMES.001,pronomes,Apontação ostensiva como marcação de referente,"A apontação ostensiva (IX) é usada para estabelecer um referente no espaço, especialmente quando o referente é específico ou já foi introduzido.",introdução de um referente específico no discurso,True,IX CASA ; CASA IX(casa),Língua de Sinais Brasileira: Estudos Linguísticos (Quadros & Karnopp) — Cap.4 A sintaxe espacial,124,"c) usar a apontação ostensiva antes do sinal de um referente específico (por exemplo, apontar para o ponto ‘a’ associando esta apontação com o sinal CASA; assim o ponto ‘a’ passa a referir CASA);"
voice2sign,LIBRAS.PRONOMES.006,pronomes,IX para referência a entidades estáveis no espaço,O pronome IX é usado para indicar entidades que já foram localizadas no espaço e que permanecem estáveis durante a narrativa.,"Quando uma entidade (pessoa, objeto) é localizada no espaço e referida novamente",True,IX(menino) ; IX(policial),Gramática da Libras Vol.1 (INES/Quadros et al.) — Cap.5 Morfologia,314,"O sinalizante estabelece com os dois dedos indicadores duas pessoas, uma atrás da outra, que na narrativa representam um policial e um menino, o mesmo menino que jogou uma pedra na janela descrita na transferência de tamanho e forma, item 5.7.2.2."
voice2sign,LIBRAS.FOCO.001,foco,Construções com foco licenciam ordem SOV,"A ordem SOV é permitida em construções com foco, onde o último verbo atua como núcleo do foco, permitindo o apagamento do primeiro verbo no VP.","frase com repetição de núcleos (X0) na posição final, indicando foco",True,HOMEM COMPRAR CARRO COMPRAR,Língua de Sinais Brasileira: Estudos Linguísticos (Quadros & Karnopp) — Cap.4 A sintaxe espacial,133,Propõe-se que na língua de sinais brasileira existe um tipo de construção com foco que licencia a ordem SOV .
voice2sign,LIBRAS.FOCO.003,foco,Construções de foco com duplicação final,Construções com foco na Libras envolvem duplicação do elemento focal na posição final da frase.,"frase com foco em elemento (interrogativo, negação, advérbio, modal, quantificador)",True,EU PODER IR <PODER>mc ; EU TER DOIS CARROS <DOIS>mc,Língua de Sinais Brasileira: Estudos Linguísticos (Quadros & Karnopp) — Cap.4 A sintaxe espacial,166,Foco envolve construções duplas em que o elemento duplicado ocupa a posição final.
voice2sign,LIBRAS.FOCO.004,foco,Duplicação de núcleo em foco apenas em posições nucleares,"A duplicação de um elemento em função de foco só é permitida quando o elemento está em posição nuclear (como sujeito, objeto, predicado), não sendo permitida em posições não nucleares como determinantes ou advérbios. O foco exige que o núcleo do sintagma seja movido para o especificador de FP (sintagma de foco), e a duplicação ocorre apenas nesses casos.","elemento em foco que é núcleo de um sintagma (DP, IP, CP)",True,aJOÃO <aDARb>do LIVRO <MARIAb>do -> *<aJOÃO>do <aDARb>do LIVRO <bMARIA>do <JOÃOa>mc/do ; <QUAL MULHER DESSAS TU GOSTAR>qu -> *<QUAL MULHER DESSAS TU GOSTAR>qu <QUAL MULHER DESSAS>qu,Língua de Sinais Brasileira: Estudos Linguísticos (Quadros & Karnopp) — Cap.4 A sintaxe espacial,170,"Assim sendo, parece que a duplicação de um elemento em função do foco somente se dá com os núcleos dos sintagmas."
voice2sign,LIBRAS.FOCO.005,foco,Movimentação de IP para Spec de FP em foco,"Quando há foco, o sintagma nominal (IP) inteiro move-se para o especificador de FP (sintagma de foco), mantendo-se a estrutura interna do IP. Isso explica a duplicação de elementos e a presença de marcações não-manuais sobre o IP vazio.","presença de foco em um elemento de IP (como sujeito, objeto, predicado)",True,[FP [EU PODER IR] i <[F PODER] [IP t i ]>mc ; [FP [EU PERDER LIVRO] i <[F PERDER] [IP t i ]>mc,Língua de Sinais Brasileira: Estudos Linguísticos (Quadros & Karnopp) — Cap.4 A sintaxe espacial,173,"Considerando essa representação, apresentam-se as construções duplas na língua de sinais brasileira com suas respectivas representações:"
voice2sign,LIBRAS.FOCO.007,foco,Restrições de ilha de Ross aplicam-se a foco em Libras,"Elementos não podem ser extraídos de estruturas sintáticas que funcionam como 'ilhas' (como orações relativas), mesmo quando há foco. Isso impede a duplicação de elementos em posições que violam a estrutura de ilha.",tentativa de foco em elemento dentro de oração relativa,True,MULHER <BICICLETA CAIR>r ESTAR HOSPITAL -> *MULHER <BICICLETA CAIR>r ESTAR HOSPITAL BICICLETA,Língua de Sinais Brasileira: Estudos Linguísticos (Quadros & Karnopp) — Cap.4 A sintaxe espacial,179,"Como observado por Petrônio (1993) na ASL, na língua de sinais brasileira não há como ter um elemento duplo em uma oração relativa na posição final da sentença conforme ilustrado."
voice2sign,LIBRAS.VERBOS.001,verbos,Verbos com concordância comportam-se como auxiliares,"Verbos com concordância na Libras são inseridos totalmente flexionados no processo de derivação, sem operação fonológica de afixação de desinência verbal, similar aos verbos auxiliares em inglês.","verbo com concordância (direcional, com movimento entre sujeito e objeto)",True,JOÃO <aDARb>do LIVRO ; AMANHÃ <aDARb>do LIVRO,Língua de Sinais Brasileira: Estudos Linguísticos (Quadros & Karnopp) — Cap.4 A sintaxe espacial,158,"Os verbos com concordância comportam-se como os verbos auxiliares no inglês, e os verbos sem concordância, como os verbos principais no inglês."
voice2sign,LIBRAS.VERBOS.002,verbos,Verbos sem concordância comportam-se como verbos principais,"Verbos sem concordância na Libras apresentam uma operação fonológica de afixação de desinência verbal durante a derivação, semelhante aos verbos principais em inglês.","verbo sem concordância (não direcional, sem movimento entre sujeito e objeto)",True,JOÃO GOSTAR CARRO ; JOÃO aAJUDARb MARIA,Língua de Sinais Brasileira: Estudos Linguísticos (Quadros & Karnopp) — Cap.4 A sintaxe espacial,158,Os verbos sem concordância apresentam uma operação fonológica de afixação de sua desinência verbal durante o processo da derivação (assim como proposto por Lasnik (1995) para os verbos principais em inglês)
voice2sign,LIBRAS.VERBOS.003,verbos,Auxiliar necessário para verbo sem concordância em ordens irregulares,"Quando a ordem dos constituintes não é SVO, um auxiliar (AUX) é obrigatório para verbos sem concordância, para manter a estrutura sintática válida.",verbo sem concordância em ordem não-SVO,True,JOÃOa aAUXb <NÃO GOSTAR>n ; JOÃOa <MARIAb aAUXb>do <[GOSTAR] i>mc <bAUXa>do <NÃO [e] i>n,Língua de Sinais Brasileira: Estudos Linguísticos (Quadros & Karnopp) — Cap.4 A sintaxe espacial,159,O auxiliar na língua de sinais brasileira é uma expressão pura de concordância estabelecida através do movimento de um ponto ao outro (estes pontos compreendem o sujeito e o objeto da sentença).
voice2sign,LIBRAS.VERBOS.004,verbos,Verbos sem concordância não usam locação espacial,"Verbos sem concordância (como CONHECER, AMAR, SABER) não apresentam flexão de pessoa, número ou locação espacial, e são produzidos com movimento fixo.","Verbo da categoria sem concordância (ex: CONHECER, AMAR)",True,CONHECER -> CONHECER ; AMAR -> AMAR,Língua de Sinais Brasileira: Estudos Linguísticos (Quadros & Karnopp) — Cap.4 A sintaxe espacial,197,Os verbos sem concordância são aqueles que não se flexionam em pessoa e número e não tomam afixos locativos.
voice2sign,LIBRAS.VERBOS.005,verbos,Verbos manuais finalizam a frase,"Verbos manuais, que envolvem a representação de um objeto na mão, sempre ocorrem na posição final da frase, independentemente da estrutura sintática.","presença de verbo manual (ex: PINTAR-ROLO, PINTAR-PINCEL, BATER-POSTE)",True,<JOÃO>t <CASA>t <PINTAR-ROLO>cl ; <JOÃO>t <CARRO>t <CL(carro)-BATER-POSTE+>cl,Língua de Sinais Brasileira: Estudos Linguísticos (Quadros & Karnopp) — Cap.4 A sintaxe espacial,200,"Assim como observado com os verbos associados com aspecto, os verbos manuais finalizam a sentença."
voice2sign,LIBRAS.VERBOS.006,verbos,Concordância verbal com argumentos locativos,"Verbos que expressam predicados locativos (como LEVAR, MUDAR, COLOCAR) podem ter sua localização alterada para coincidir com a localização de um argumento locativo, em vez de sujeito ou objeto.","verbo locativo (ex: LEVAR, MUDAR, COLOCAR) com argumento locativo localizável no espaço",True,"MUDAR para outra escola -> MUDAR(ESCOLA) ; transporte LEVAR -> LEVAR(TRANSPORTE) ; grupo MUDAR para outra escola -> MUDAR(GRUPO, ESCOLA) ; ME COLOCAR na clínica -> COLOCAR(ME, CLÍNICA)",Gramática da Libras Vol.1 (INES/Quadros et al.) — Cap.5 Morfologia,219,"Além dos verbos descritos acima que possuem concordância com o sujeito e/ou o objeto da frase, há também verbos cuja localização é alterada de modo a coincidir com a localização de um argumento locativo."
voice2sign,LIBRAS.VERBOS.007,verbos,Verbos ancorados ao corpo não permitem concordância verbal,"Verbos que são articulados presos ao corpo do sinalizante (como APRENDER, TER) não podem ter sua localização alterada e, portanto, não apresentam concordância verbal em sua morfologia.",verbo articulado preso ao corpo do sinalizante,True,APRENDER -> APRENDER ; TER -> TER,Gramática da Libras Vol.1 (INES/Quadros et al.) — Cap.5 Morfologia,219,"Já os verbos ancorados ao corpo do sinalizante não podem ter sua localização alterada e, portanto, não apresentam concordância verbal em sua morfologia."
voice2sign,LIBRAS.VERBOS.008,verbos,Verbo normal e reverso na escrita de sinais,"Na escrita de sinais (SignWriting), a direção do movimento do verbo indica se é normal (do sujeito para o objeto) ou reverso (contrário à direção do apontamento).",verbo com concordância número-pessoal em escrita de sinais,True,ME-VER -> verbo normal (movimento para o sujeito) ; ME-CHAMAR -> verbo reverso (movimento para fora do sujeito),Gramática da Libras Vol.1 (INES/Quadros et al.) — Cap.5 Morfologia,229,"Os referentes são introduzidos no espaço à frente do sinalizador, através da apontação em diferentes locais. As formas verbais para pessoa são estabelecidas através do início e fim do movimento e da direção do verbo, incorporando estes pontos previamente indicados no espaço para determinados referentes."
voice2sign,LIBRAS.VERBOS.009,verbos,Verbos inerentemente recíprocos,"Verbos como INTERAGIR, CONVERSAR, COMUNICAR e TER-CONTATO são inerentemente recíprocos, ou seja, já trazem em sua representação semântica a ideia de reciprocidade.",verbo com significado semântico de reciprocidade mútua,True,INTERAGIR -> INTERAGIR ; CONVERSAR -> CONVERSAR ; COMUNICAR -> COMUNICAR ; TER-CONTATO -> TER-CONTATO,Gramática da Libras Vol.1 (INES/Quadros et al.) — Cap.5 Morfologia,221,"Por exemplo, o verbo INTERAGIR em Libras já traz consigo uma ideia de reciprocidade. Outros sinais como CONVERSAR, COMUNICAR e TER-CONTATO também podem ser considerados como verbos inerentemente recíprocos."
voice2sign,LIBRAS.NEGACAO.002,negacao,"Negativa precede verbo com concordância, segue verbo sem concordância","Em sentenças com verbos com concordância, a negação precede o verbo; em sentenças com verbos sem concordância, a negação segue o verbo, exceto quando há auxiliar.",frase com negação e verbo com ou sem concordância,True,JOÃOa <NÃO <aDARb>do LIVRO MARIAb >n ; JOÃO <NÃO GOSTAR CARRO>n,Língua de Sinais Brasileira: Estudos Linguísticos (Quadros & Karnopp) — Cap.4 A sintaxe espacial,162,JOÃOa <NÃO <aDARb>do LIVRO MARIAb >n
voice2sign,LIBRAS.PERGUNTA.001,pergunta,Interrogativos em foco seguem estrutura de duplicação,"Interrogativos em construções de foco são duplicados na posição final da frase, seguindo a estrutura de foco com duplicação.",frase interrogativa com foco em elemento interrogativo,True,QUANDO JOÃO VIR <QUANDO>mc ; ONDE ELE ESTÁ <ONDE>mc,Língua de Sinais Brasileira: Estudos Linguísticos (Quadros & Karnopp) — Cap.4 A sintaxe espacial,166,"Como na ASL, a língua de sinais brasileira apresenta construções duplas com modais, quantificadores e verbos. Além desses casos, são muito comuns construções duplas com interrogativos, negação e advérbios:"
voice2sign,LIBRAS.PERGUNTA.002,pergunta,Interrogativas são inerentemente focadas,"Toda sentença interrogativa na Libras apresenta foco por natureza, o que impede a ocorrência de outro foco na mesma oração. Isso ocorre porque o CP (sintagma interrogativo) é inerentemente focado.","presença de palavra interrogativa (QU, ONDE, QUAL, etc.) em uma frase",True,<O QUE JOÃO GOSTAR O QUE>qu -> *<JOÃO GOSTAR QUEM GOSTAR>qu,Língua de Sinais Brasileira: Estudos Linguísticos (Quadros & Karnopp) — Cap.4 A sintaxe espacial,172,"Quando uma interrogativa é inserida, não é possível ter outro elemento com foco dentro da mesma sentença. Assim, parece que CP é inerentemente focado."
voice2sign,LIBRAS.PERGUNTA.003,pergunta,Elementos interrogativos podem permanecer in situ ou mover-se para Spec de CP,"Os elementos interrogativos (quem, o que, onde, etc.) podem permanecer na posição original (in situ) ou mover-se para o especificador de CP (sintagma interrogativo), dependendo do contexto e da estrutura da frase.",presença de palavra interrogativa em uma frase,True,<QUEM GOSTAR MARIA>qu (in situ) ; <JOÃO GOSTAR QUEM>qu (in situ) ; <[CP QUEM [ IP t GOSTAR MARIA]]>qu (movido),Língua de Sinais Brasileira: Estudos Linguísticos (Quadros & Karnopp) — Cap.4 A sintaxe espacial,181,"Os elementos interrogativos (o que, quem, como, onde, por que, etc.) podem mover-se para Spec de CP ou manter-se na posição original na língua de sinais brasileira."
voice2sign,LIBRAS.PERGUNTA.004,pergunta,Movimento interrogativo para [Spec CP],"Elementos interrogativos (como quem, o que, onde) movem-se para a posição de especificador de CP (Complementizer Phrase) à esquerda da frase, mesmo quando aparecem em posição final na superfície.","Presença de palavra interrogativa (quem, o que, onde, por que, como) em oração interrogativa",True,DE QUEM JOÃO GOSTAR t -> DE QUEM JOÃO GOSTAR ; O QUE JOÃO PEGAR O QUE -> O QUE JOÃO PEGAR,Língua de Sinais Brasileira: Estudos Linguísticos (Quadros & Karnopp) — Cap.4 A sintaxe espacial,183,"Portanto, assume-se que o movimento das interrogativas na língua de sinais brasileira é para a posição de especificador de CP [Spec CP]."
voice2sign,LIBRAS.PERGUNTA.005,pergunta,Expressões idiomáticas em perguntas com item-QU,"Expressões idiomáticas podem ser usadas em perguntas com pronomes interrogativos (QUANDO, ONDE, QUAL, etc.), mantendo sua estrutura idiomática original.",Expressão idiomática usada em contexto de pergunta com item-QU,True,BOCA-FECHAR -> Fique quieto! ; CALAR-ALGUÉM -> Deixar alguém sem palavras.,Gramática da Libras Vol.1 (INES/Quadros et al.) — Cap.5 Morfologia,372,"Por fim, em (102), que pode estar associado ao fato de calar a boca de alguém no sentido de convencê-la ou deixá-la sem argumentos:"
voice2sign,LIBRAS.TEMPO-ASPECTO.003,tempo-aspecto,Tempo marcado por sinal de tempo no início da frase,"O tempo (como amanhã, ontem, agora) é frequentemente expresso por um sinal posicionado no início da frase, funcionando como marcador temporal que antecede o verbo principal.","presença de tempo (amanhã, ontem, agora) em uma frase",True,AMANHÃ ELE COMPRAR CARRO <AMANHÃ>mc,Língua de Sinais Brasileira: Estudos Linguísticos (Quadros & Karnopp) — Cap.4 A sintaxe espacial,169,AMANHÃ ELE COMPRAR CARRO <AMANHÃ>mc
voice2sign,LIBRAS.TEMPO-ASPECTO.004,tempo-aspecto,Aspecto marcado em verbos sem concordância,"Verbos sem concordância (como CONHECER, AMAR) podem flexionar em aspecto, mas não em pessoa ou número.","Verbo sem concordância com indicação de aspecto (ex: durativo, conclusivo)",True,CONHECER (durativo) -> CONHECER ; AMAR (conclusivo) -> AMAR,Língua de Sinais Brasileira: Estudos Linguísticos (Quadros & Karnopp) — Cap.4 A sintaxe espacial,197,No entanto alguns desses verbos se flexionam em aspecto.
voice2sign,LIBRAS.TEMPO-ASPECTO.005,tempo-aspecto,Aspecto marcado em posição final,"A marcação de aspecto em verbos da Libras ocorre sempre na posição final da frase, independentemente do verbo ter ou não concordância.",presença de marcação de aspecto (ex: <COMPRAR+>aspecto),True,JOÃO LIVRO <COMPRAR+>aspecto ; *JOÃO <COMPRAR+>aspecto LIVRO,Língua de Sinais Brasileira: Estudos Linguísticos (Quadros & Karnopp) — Cap.4 A sintaxe espacial,199,Os verbos associados com aspecto na língua de sinais brasileira necessariamente aparecem em posição final:
voice2sign,LIBRAS.CONCORDANCIA.003,concordancia,Verbo com concordância exige negação após o verbo,Verbos com concordância na Libras permitem a negação apenas após o verbo; a negação antes do verbo resulta em sentença gramaticalmente inválida.,verbo com concordância em uma frase,True,ELE NÃO PAGAR ; ELE>do <NÃO <PAGAR>do>n,Língua de Sinais Brasileira: Estudos Linguísticos (Quadros & Karnopp) — Cap.4 A sintaxe espacial,198,"Os verbos sem concordância não admitem a negação antes do verbo, ao contrário dos verbos com concordância (exemplos)."
voice2sign,LIBRAS.MORFOLOGIA.001,morfologia,Compostos simultâneos com morfemas duplicados,"Sinais realizados com duas mãos em configuração de mão idêntica e espelhada são considerados monomorfêmicos, pois o morfema é duplicado no espaço, não contando como dois morfemas distintos.",sinal com duas mãos com CMs idênticas e espelhadas,True,CASA ; LÍNGUA-DE-SINAIS,Gramática da Libras Vol.1 (INES/Quadros et al.) — Cap.5 Morfologia,178,"Morfemas espelhados / duplicados, no espaço, não são contados em duplicidade no somatório de quantidade de morfemas de um sinal."
voice2sign,LIBRAS.MORFOLOGIA.002,morfologia,Morfemas livres como base derivacional,"Morfemas lexicais livres podem atuar como base para a formação de novos sinais por meio da adição de morfemas presos, mantendo-se como núcleo semântico do novo sinal.",morfema lexical livre usado como radical em construção de novo sinal,True,LÍNGUA-DE-SINAIS^INFERIOR ; PALAVRA-CHAVE,Gramática da Libras Vol.1 (INES/Quadros et al.) — Cap.5 Morfologia,185,Esse morfema raiz ocupa a posição de radical na constituição de novas unidades lexicais sinalizadas – ULS.
voice2sign,LIBRAS.MORFOLOGIA.003,morfologia,Morfemas presos como afixos,"Morfemas presos são dependentes e não podem ocorrer isoladamente; funcionam como afixos (prefixos, sufixos, infixos) que se ligam a morfemas livres para formar novos sinais.",morfema que não pode ocorrer isolado e está ligado a outro morfema,True,boca ; CM em X ; -SINAL,Gramática da Libras Vol.1 (INES/Quadros et al.) — Cap.5 Morfologia,185,"Morfemas presos são unidades dependentes de outras. Grosso modo, pode-se dizer que morfemas presos funcionam como afixos, sejam eles sufixos, infixos etc."
voice2sign,LIBRAS.MORFOLOGIA.004,morfologia,Processos morfológicos simultâneos e sequenciais,"A morfologia das Línguas de Sinais combina processos simultâneos (como em compostos) e sequenciais (como em derivação), com ambos os tipos sendo usados para flexão e derivação.",formação de sinais com combinação de morfemas,True,LÍNGUA-DE-SINAIS^FLUENTE ; PALAVRA-CHAVE,Gramática da Libras Vol.1 (INES/Quadros et al.) — Cap.5 Morfologia,178,"A combinação e distribuição dos morfemas da Língua de Sinais brasileira pode ocorrer de forma simultânea ou sequencial, como Aronoff, Meier e Sandler (2005) anunciaram."
voice2sign,LIBRAS.MORFOLOGIA.005,morfologia,Morfemas lexicais como núcleo semântico,"Morfemas lexicais são os núcleos de significação dos sinais, representando conteúdos externos ao sistema linguístico, como objetos, ações e conceitos.",morfema com significado externo (não gramatical),True,CASA ; EX ; MÃE,Gramática da Libras Vol.1 (INES/Quadros et al.) — Cap.5 Morfologia,183,"São unidades lexicais com significação externa, com conteúdo e forma, indicam o sentido básico da palavra, uma vez que se referem a fatos do mundo extralinguístico."
voice2sign,LIBRAS.MORFOLOGIA.006,morfologia,Morfemas gramaticais como marcadores de função,"Morfemas gramaticais indicam funções gramaticais como número, gênero, tempo, aspecto, pessoa e são responsáveis por processos flexionais e derivacionais.","morfema que marca função gramatical (ex: tempo, número, gênero)",True,boca ; CM em X ; PALAVRA+++,Gramática da Libras Vol.1 (INES/Quadros et al.) — Cap.5 Morfologia,184,"Os morfemas gramaticais dividem-se em (i) morfemas gramaticais derivacionais (prefixos e sufixos); (ii) morfemas gramaticais flexionais (desinências verbais e nominais referem-se ao tempo, modo, número, pessoa nos verbos, gênero e número nos nomes); e (iii) morfemas gramaticais classificadores (nomes ou verbos)."
voice2sign,LIBRAS.MORFOLOGIA.007,morfologia,Morfemas com movimento interno alterando configuração,"Quando a configuração de mão inicial é diferente da final, mas o movimento interno a transforma em uma mesma CM, o sinal é considerado monomorfêmico com CM idêntica inicial e final.",sinal com movimento interno que altera a CM inicial para torná-la igual à final,True,BRASÍLIA ; SUMIR,Gramática da Libras Vol.1 (INES/Quadros et al.) — Cap.5 Morfologia,181,"Ocorre que a CM inicial e final são a mesma; apenas o movimento interno da CM é alterado, como em (13) BRASÍLIA e (14) SUMIR."
voice2sign,LIBRAS.MORFOLOGIA.008,morfologia,Sinais com CMs diferentes em duas mãos,"Sinais realizados com duas mãos com configurações de mão diferentes são considerados monomorfêmicos se a CM inicial e final forem iguais nas duas mãos, mesmo que pareçam diferentes.","sinal com duas mãos com CMs diferentes, mas CM inicial e final iguais",True,REGRA ; CURSO,Gramática da Libras Vol.1 (INES/Quadros et al.) — Cap.5 Morfologia,182,"Sinais monomorfêmicos articulados com duas mãos com CMs diferentes, em que a CM inicial e a final são iguais nas duas mãos, como em (15) REGRA e (16) CURSO."
voice2sign,LIBRAS.MORFOLOGIA.009,morfologia,Morfemas com repetição sequencial não contam como múltiplos,"Repetições de um morfema no tempo, um após outro, não são contadas como múltiplos morfemas, mas como redundância do mesmo morfema.",repetição de um morfema em sequência temporal,True,OBRIGADO ; SINAL,Gramática da Libras Vol.1 (INES/Quadros et al.) — Cap.5 Morfologia,179,"Morfemas repetidos, aqueles que se repetem no tempo, sequencialmente, um após outro, também não são contados duplamente."
voice2sign,LIBRAS.MORFOLOGIA.010,morfologia,Morfemas com CM duplicada perdem espelhamento na derivação,"Sinais monomorfêmicos com CM duplicada podem perder o espelhamento ao serem usados como base para novos sinais, sem perda de significado semântico.",sinal com CM duplicada usado como base para formação de novo sinal,True,LÍNGUA-DE-SINAIS^INFERIOR ; LÍNGUA-DE-SINAIS^FÁCIL,Gramática da Libras Vol.1 (INES/Quadros et al.) — Cap.5 Morfologia,179,"O apagamento da duplicação ou da repetição, entretanto, não compromete o conteúdo semântico na derivação de novos sinais, justapostos ou aglutinados, resultantes da aproximação do morfema (antes duplicado) com outro morfema."
voice2sign,LIBRAS.MORFOLOGIA.011,morfologia,Composição por aglutinação com redução de morfemas,"Em compostos por aglutinação, um ou mais elementos dos sinais constituintes são suprimidos ou reduzidos, especialmente repetições de movimento ou configuração manual (CM), resultando em um sinal composto com estrutura morfologicamente modificada.",sinal composto formado por dois morfemas livres onde ocorre perda de repetição de movimento ou CM,True,CASA^ESTUDAR (escola) ; LETRAS^LIBRAS ; MULHER^BEIJO-NA-MÃO (mãe) ; COMER^MEIO-DIA (almoço) ; CASA^ANTIGA (museu),Gramática da Libras Vol.1 (INES/Quadros et al.) — Cap.5 Morfologia,202,"Há composição por aglutinação simultânea quando o sinal composto é constituído por dois sinais originalmente realizados com a CM duplicada. Uma das CMs de cada sinal se apaga (redução / apagamento morfêmico da duplicação / do espelhamento do morfema), como acontece na concepção do sinal que denomina o curso Letras-Libras, em que ocorre o apagamento morfêmico da duplicação espacial do sinal (79) LETRAS e (80) LIBRAS, que resulta no sinal (81) LETRAS^LIBRAS."
voice2sign,LIBRAS.MORFOLOGIA.012,morfologia,Justaposição simultânea de sinais com duas mãos,"Em compostos simultâneos, dois sinais são articulados simultaneamente por ambas as mãos, sem modificação de movimento ou configuração, resultando em um sinal composto com estrutura simétrica e sem núcleo definido.",dois sinais com núcleos independentes articulados ao mesmo tempo por ambas as mãos,True,PALAVRA^PALAVRA (composição) ; UNIFORME-INES,Gramática da Libras Vol.1 (INES/Quadros et al.) — Cap.5 Morfologia,200,"Compostos simultâneos ocorrem quando não têm núcleos e a realização dos elementos é simultânea. Os compostos simultâneos são constituídos de dois componentes articulados simultaneamente pelas duas mãos, como em (66)."
voice2sign,LIBRAS.MORFOLOGIA.013,morfologia,Composição por coordenação com núcleos simétricos,"Em compostos por coordenação, dois ou mais núcleos são articulados em relação simétrica, sem hierarquia semântica, resultando em um sinal composto com significado derivado da combinação dos elementos.",dois sinais com status lexical igual combinados em relação simétrica,True,MÉDICO^OLHO (oftalmologista),Gramática da Libras Vol.1 (INES/Quadros et al.) — Cap.5 Morfologia,200,"b. Composição por coordenação: Ocorre quando o composto tem dois ou mais núcleos em relação simétrica, de coordenação (QUER et al., 2019, p.172; SANDLER; LILLO-MARTIN, 2009, p.72), como em (65):"
voice2sign,LIBRAS.MORFOLOGIA.014,morfologia,Composição por subordinação com núcleo modificado,"Em compostos por subordinação, um sinal atua como núcleo e outro como modificador ou complemento, com a categoria lexical do composto sendo a mesma do núcleo; a relação é assimétrica e semanticamente determinada.",um sinal atua como núcleo e outro como modificador em relação de subordinação,True,CASA^ESTUDAR (escola),Gramática da Libras Vol.1 (INES/Quadros et al.) — Cap.5 Morfologia,199,"Composição por subordinação: Ocorre quando o composto tem um núcleo (radical) que é modificado por um morfema especificador / modificador. A categoria da unidade lexical resultante da composição é a mesma categoria do núcleo. A relação entre os elementos do composto por subordinação é assimétrica, o que acarreta uma relação de subordinação, semanticamente determinada."
voice2sign,LIBRAS.MORFOLOGIA.015,morfologia,Justaposição sequencial de sinais sem modificação,"Em justaposição sequencial, dois sinais são articulados um após o outro sem alteração de movimento ou configuração, mantendo-se a forma original de cada componente.",dois sinais articulados consecutivamente sem perda ou redução de elementos,True,CAVALO^LISTRA-PELO-CORPO (zebra) ; ÁGUA^CAMINHO (rio) ; ÁGUA^CÍRCULO (lago) ; ÁGUA^RETÂNGULO (piscina) ; ASSINAR^SEPARAR (divórcio),Gramática da Libras Vol.1 (INES/Quadros et al.) — Cap.5 Morfologia,201,"Justaposição sequencial: Quando a composição ocorre com uma mão realizando um sinal após o outro), sem modificação, ou seja, os dois sinais são completamente sinalizados."
voice2sign,LIBRAS.MORFOLOGIA.016,morfologia,Justaposição com classificador como clítico,"Em certos compostos, um classificador é justaposto a um item lexical, funcionando como clítico, com a configuração manual do classificador articulada em relação ao sinal lexical.",classificador articulado junto a um sinal lexical em composição,True,CL-coisa-pequena^PERFURAR (alfinete) ; CL-coisa-pequena^APLICAR-NO-BRAÇO (agulha) ; DORMIR^CL-pessoa+ (alojamento),Gramática da Libras Vol.1 (INES/Quadros et al.) — Cap.5 Morfologia,201,Justaposição de um classificador com um item lexical. Nesse processo o classificador funciona como um clítico. São exemplos desse processo os sinais:
voice2sign,LIBRAS.MORFOLOGIA.017,morfologia,Composição com empréstimo de estrutura oral,"Compostos não nativos são formados por empréstimos de estruturas de línguas orais circundantes, com significado, estrutura e iconicidade derivados do contato com línguas orais.",composto formado por influência de estrutura de língua oral,True,CASA^L (loja) ; LETRAS-LIBRAS,Gramática da Libras Vol.1 (INES/Quadros et al.) — Cap.5 Morfologia,198,"b) Compostos Não Nativos: Os compostos não nativos são aqueles constituídos por empréstimos. A composição por empréstimos ocorre como resultado do contato das Línguas de Sinais com as línguas orais circundantes, que emprestam estruturas para aquelas, ou por empréstimos de outras Línguas de Sinais (QUER et al., 2019, p.181)."
voice2sign,LIBRAS.MORFOLOGIA.018,morfologia,Flexão por repetição sequencial de morfemas livres,"A flexão em Libras pode ser realizada por repetição sequencial de morfemas livres, como no caso da pluralização, onde a repetição do sinal base indica pluralidade.",repetição sequencial de um sinal base para indicar flexão (ex: plural),True,CASA+++ (casas),Gramática da Libras Vol.1 (INES/Quadros et al.) — Cap.5 Morfologia,194,"(55) CASA+++ (casas) TAMBÉM HÁ PROCESSOS DERIVACIONAIS QUE FAZEM USO DE MORFOLOGIA SIMULTÂNEA (EX. NOMES DERIVADOS). NESTE ESCOPO, QUEBRAM A CONCEPÇÃO TRADICIONAL O SINAL DE “COMPOSIÇÃO”, EM LIBRAS, CONSTITUÍDO PELA DERIVAÇÃO SIMULTÂNEA, POR UM PROCESSO DE JUSTAPOSIÇÃO DE DUAS VEZES O SINAL (51) PALAVRA, QUE EQUIVALE A (56) PALAVRA^PALAVRA (COMPOSIÇÃO), SENDO OS DOIS SINAIS ARTICULADOS, UM POR CADA UMA DAS MÃOS."
voice2sign,LIBRAS.MORFOLOGIA.019,morfologia,Derivação por modificação interna do sinal,"A derivação em Libras ocorre quando um morfema livre é modificado internamente (dentro do sinal) para formar um novo lexema, com alteração na configuração manual ou movimento.",morfema livre modificado internamente para formar novo sinal,True,PALAVRA^PALAVRA (composição),Gramática da Libras Vol.1 (INES/Quadros et al.) — Cap.5 Morfologia,192,(47) DERIVAÇÃO PALAVRA (MORFEMA LIVRE) TROCAR (dentro do sinal) (MORFEMA LIVRE) - Apenas redução de uma mão
voice2sign,LIBRAS.MORFOLOGIA.021,morfologia,Morfemas base como raízes lexicais livres,"Morfemas base são componentes lexicais livres, com estatuto de raiz ou radical, que constituem a base para a formação de novos sinais por composição, derivação ou flexão.",morfema livre que atua como núcleo de formação de sinal,True,CASA ; LÍNGUA-DE-SINAIS ; PALAVRA,Gramática da Libras Vol.1 (INES/Quadros et al.) — Cap.5 Morfologia,192,"Morfemas base são componentes morfológicos da Língua de Sinais, ou seja, morfemas lexicais que determinam raízes, constituídas de morfemas livres, com estatuto ainda pouco definido, mas altamente produtivos na expansão termológica da Língua de Sinais brasileira."
voice2sign,LIBRAS.MORFOLOGIA.022,morfologia,Compostos verdadeiros em Libras,"Compostos verdadeiros em Libras apresentam ordem fixa e invariável, com supressão da repetição dos sinais componentes. O núcleo do composto está sempre à esquerda, e a troca da ordem resulta em estrutura agramatical.","Sinal composto formado por justaposição ou aglutinação de dois sinais, com significado semântico de um único conceito (ex: lugar)",True,CASA^CRUZ -> igreja ; *CRUZ^CASA -> agramatical,Gramática da Libras Vol.1 (INES/Quadros et al.) — Cap.5 Morfologia,206,"Com supressão da repetição e ordem fixa, invariável; são aqueles que se dão por justaposição ou por aglutinação, como é o caso de (91) CASA^CRUZ (igreja) e que não pode ter sua ordem trocada como em (92) *CRUZ^CASA, porque essa alteração de ordem é agramatical"
voice2sign,LIBRAS.MORFOLOGIA.023,morfologia,Compostos aparentes em Libras,"Compostos aparentes em Libras têm ordem dos componentes variável, e cada sinal pode ocorrer isoladamente. A estrutura é gramatical em ambas as ordens.",Sinal composto formado por dois sinais que podem ser usados independentemente e cuja ordem pode ser invertida sem perda de gramaticalidade,True,PÃO^CASA -> padaria ; CASA^PÃO -> padaria,Gramática da Libras Vol.1 (INES/Quadros et al.) — Cap.5 Morfologia,206,"A ordem dos elementos componentes é variável. Cada sinal pode ocorrer isoladamente, como nos exemplos a seguir (93) e (94): (93) PÃO^CASA (padaria) (94) CASA^PÃO (padaria)"
voice2sign,LIBRAS.MORFOLOGIA.024,morfologia,Derivação por modificação de parâmetros,"A derivação em Libras ocorre por alteração simultânea de parâmetros do sinal, como configuração de mão, movimento e orientação, permitindo a formação de novos sinais a partir de uma base lexical.",Formação de novo sinal a partir de uma unidade terminológica existente por mudança em parâmetros do sinal,True,MORFOLOGIA -> MORFEMA ; MORFOLOGIA -> COMPOSIÇÃO,Gramática da Libras Vol.1 (INES/Quadros et al.) — Cap.5 Morfologia,207,"Por meio de mudanças nos parâmetros do sinal, seja pela configuração de mão ou de movimento e orientação da mão, é possível derivar outras unidades terminológicas, como (95) MORFEMA, (96) COMPOSIÇÃO"
voice2sign,LIBRAS.MORFOLOGIA.025,morfologia,Derivação com numerais,"Numerais livres podem atuar como morfemas base para derivar novos sinais, especialmente em expressões temporais ou numéricas.",Uso de numeral como base para formar um novo sinal composto,True,DOIS -> DUAS SEMANAS ; DOIS -> BILÍNGUE,Gramática da Libras Vol.1 (INES/Quadros et al.) — Cap.5 Morfologia,207,"Os numerais também podem ocorrer como morfemas base para derivar outros sinais. É o caso do numeral DOIS, um morfema livre, que pode derivar sinais como (97) DUAS SEMANAS e (98) BILÍNGUE"
voice2sign,LIBRAS.MORFOLOGIA.026,morfologia,Derivação com morfemas presos,"Morfemas presos podem servir como base para a formação de novos sinais, especialmente em termos técnicos ou tecnológicos.",Uso de morfema preso com significado específico como base para formar um novo sinal,True,L -> VIDEOCONFERÊNCIA ; L -> HIPERTEXTO,Gramática da Libras Vol.1 (INES/Quadros et al.) — Cap.5 Morfologia,208,"Morfemas presos também podem servir de morfema base para a criação de vários sinais, como o morfema preso L, que tem o significado de tela, pode derivar sinais como (99) VIDEOCONFERÊNCIA e HIPERTEXTO"
voice2sign,LIBRAS.MORFOLOGIA.031,morfologia,Restrição de coocorrência de morfemas-boca com sinais manuais,"Os morfemas-boca têm restrições de uso e não podem ser combinados com quaisquer sinais manuais; sua coocorrência é limitada a certos sinais específicos, com mudanças de significado ou função.",morfema-boca associado a sinal manual específico que altera seu significado,True,sinal GORDO com bochechas infladas vs sinal GORDINHO com bochechas reduzidas ; morfema-boca 'th' apenas com sinal BILÍNGUE,Gramática da Libras Vol.1 (INES/Quadros et al.) — Cap.5 Morfologia,254,"E) Possuem restrições para coocorrer com sinais e modulações aspectuais. Essa talvez seja a propriedade que mais evidencia seu caráter morfológico. Os morfemas-boca são quase sempre combinados com sinais manuais; no entanto possuem limitações de uso, não podem ser combinados com quaisquer sinais (PÊGO, 2013)."
voice2sign,LIBRAS.MORFOLOGIA.038,morfologia,Variação morfológica em expressões idiomáticas,"Expressões idiomáticas podem sofrer variações morfológicas sutis que ampliam ou ajustam seu significado, mantendo a base morfológica original.",Expressão idiomática com variação morfológica que altera ou ajusta o significado,True,OLHOS-SALTAR -> Arregalar os olhos. ; OLHOS-INCHAR -> Encher os olhos. ; OLHOS-QUICAR -> Abismado! ; OLHOS-CAIR -> Olhos arregalados! ; OLHOS-CAIR ROUPA-LIMPAR -> Inacreditável!,Gramática da Libras Vol.1 (INES/Quadros et al.) — Cap.5 Morfologia,375,"Essa possibilidade linguística é recorrente e mostra o quanto as expressões idiomáticas sinalizadas são produtivas, uma vez que, sob os processos de criatividade linguística, a partir de uma base morfológica, surge uma série de contextos idiomaticos criativos, afins, mas diferenciados."
voice2sign,LIBRAS.EXPRESSOES-IDIOMATICAS.001,expressoes-idiomaticas,Supressão da duplicação em sinais com ETC,"Em sinais compostos com ETC, a duplicação da mão e a repetição do sinal principal são suprimidas para formar o sinal ETC.",Sinal composto com ETC que segue a estrutura de supressão da repetição do sinal principal,True,LEÃO^ETC ; MAÇÃ^ETC ; ROUPA^ETC,Gramática da Libras Vol.1 (INES/Quadros et al.) — Cap.5 Morfologia,204,Eventual supressão da duplicação da mão para realização do sinal ETC. (86) LEÃO^ETC (animais)
voice2sign,LIBRAS.EXPRESSOES-IDIOMATICAS.005,expressoes-idiomaticas,Técnicas de visualidade para treinamento de sinalização,"Técnicas como assistir a filmes sem áudio, traduzir para Libras, usar espelho e autoavaliação são práticas convencionais para desenvolver a percepção visual e a fluência em Libras.",Quando se treina a percepção visual e a produção de Libras em contextos educacionais,True,"assistir ao filme sem legenda e sem áudio ; traduzir em Língua de Sinais para colegas ; filme e grave usando os sinais, depois faça sua autoavaliação",Gramática da Libras Vol.1 (INES/Quadros et al.) — Cap.5 Morfologia,318,"Estas são as técnicas da visualidade e sua perspectiva visual que podem ser aperfeiçoadas com o tempo, assim como todas as línguas do mundo."
voice2sign,LIBRAS.EXPRESSOES-IDIOMATICAS.006,expressoes-idiomaticas,Criação de sinais para blocos de sentido complexo,"A Língua de Sinais brasileira produz sinais únicos que representam ideias complexas ou estruturas oracionais, em vez de combinar múltiplos sinais para expressar o mesmo significado.",Quando um conceito complexo ou estrutura oracional precisa ser expresso em Libras,True,A LÍNGUA DE SINAIS BRASILEIRA CRIA SINAIS QUE REPRESENTAM BLOCOS DE SENTIDO COMPLEXO ; UM SINAL SIMPLES PODE REPRESENTAR UMA ESTRUTURA ORACIONAL EM PORTUGUÊS,Gramática da Libras Vol.1 (INES/Quadros et al.) — Cap.5 Morfologia,339,"Assim, um forte efeito da modalidade das Línguas de Sinais está em traduzir sentidos complexos em unidades sinalizadas representadas por unidades lexicais manuais sinalizadas simples ou por unidades lexicais sinalizadas constituídas por expressões faciais, como aquelas constituídas apenas de morfemas-boca."
voice2sign,LIBRAS.EXPRESSOES-IDIOMATICAS.007,expressoes-idiomaticas,"Expressões idiomáticas em Libras são reconhecidas por regularidade, durabilidade e significação conotativa","Uma expressão idiomática em Libras é identificada não pela estrutura lexical ou morfológica, mas pela repetição frequente em diferentes contextos (regularidade), pela permanência ao longo do tempo (durabilidade) e pelo significado não literal (conotativo ou metafórico), que não pode ser deduzido do sentido das unidades lexicais isoladas.",Análise de uma unidade lexical ou combinação de sinais em uso recorrente em discursos de sinalizantes,True,CABELOS-EM-PÉ -> Ficar de cabelos em pé (por susto) ; MÃOS LEVES -> Tem fluência em Libras,Gramática da Libras Vol.1 (INES/Quadros et al.) — Cap.5 Morfologia,347,"O critério da regularidade identifica se uma expressão se repete em diversos contextos, nos diferentes discursos de sinalizantes. O critério da durabilidade nos mostra se a expressão é eventual, se é de uso recente ou se já incorporou ao léxico da Língua de Sinais brasileira. O critério da significação metafórica ou conotativa nos mostra se a expressão tem sentido literal (denotativo) ou não literal (conotativo)."
voice2sign,LIBRAS.EXPRESSOES-IDIOMATICAS.008,expressoes-idiomaticas,Expressões idiomáticas podem ser constituídas por um ou mais sinais,"Uma expressão idiomática em Libras pode ser formada por um único sinal (ex: CABELOS-EM-PÉ) ou por uma combinação de sinais (ex: CABEÇA DURA), sem que a quantidade de sinais determine se é ou não idiomática.",Presença de uma unidade lexical sinalizada simples ou complexa em uso recorrente,True,CABELOS-EM-PÉ ; CABEÇA DURA ; CARA-QUEBRAR ; ORELHA CARA,Gramática da Libras Vol.1 (INES/Quadros et al.) — Cap.5 Morfologia,342,"Existem Expressões Idiomáticas constituídas de apenas uma unidade lexical sinalizada... Existem expressões idiomáticas constituídas por mais de uma unidade lexical sinalizada, ou seja, por mais de um sinal."
voice2sign,LIBRAS.EXPRESSOES-IDIOMATICAS.011,expressoes-idiomaticas,"Expressões idiomáticas em Libras refletem experiências culturais compartilhadas sobre olhos, mãos e corpo","Expressões idiomáticas em Libras frequentemente se baseiam em marcas culturais visuais e corporais, como olhos (visão), mãos (manualidade) e corpo (expressão corporal), que são centrais na experiência linguística surda.","Presença de expressões idiomáticas com foco em olhos, mãos ou corpo",True,MÃOS LEVES ; MÃOS DURAS ; OLHO CARO ; ORELHA BARATA ; ESMAGAR,Gramática da Libras Vol.1 (INES/Quadros et al.) — Cap.5 Morfologia,348,"Assim, os olhos para se referir à visão/visualidade dos surdos e as mãos para se referir à corporalidade/“manualidade” da Língua de Sinais têm grande destaque e produtividade na constituição idiomatica em Língua de Sinais brasileira."
voice2sign,LIBRAS.EXPRESSOES-IDIOMATICAS.013,expressoes-idiomaticas,Expressões idiomáticas com base metafórica,"Expressões idiomáticas em Libras são frequentemente baseadas em mapeamentos metafóricos que estruturam o pensamento e a experiência, como metáforas estruturais, espaciais/orientacionais e ontológicas, e não devem ser interpretadas literalmente.",frase contém expressão idiomática sinalizada com significado não literal,True,Pessoa é tempero ; Pessoa é máquina ; Pessoa é animal ; Tempo é dinheiro ; Ideias são plantas,Gramática da Libras Vol.1 (INES/Quadros et al.) — Cap.5 Morfologia,364,"O sistema conceptual linguístico da Língua de Sinais brasileira é intrinseca mente metafórico, demonstrando que a forma como pensamos, o que experienciamos e o que fazemos dia a dia são essencialmente metafóricos."
voice2sign,LIBRAS.EXPRESSOES-IDIOMATICAS.014,expressoes-idiomaticas,Expressões idiomáticas com metáfora estrutural,"Expressões idiomáticas baseadas em metáforas estruturais representam conceitos abstratos em termos de outros conceitos, como pessoas como tempero, máquinas ou animais, com base em domínios fonte e alvo.","expressão idiomática compara pessoas a tempero, máquinas ou animais",True,SAL-FALTA ; MÃO-LUBRIFICAR ; BRAÇO-JUNTA-ENCOLHER ; LESMA ; TARTARUGA,Gramática da Libras Vol.1 (INES/Quadros et al.) — Cap.5 Morfologia,365,Pessoas são tempero: (74) SAL-FALTA; pessoas são máquinas: (76) MÃO-LUBRIFICAR; pessoas são animais: (78) LESMA
voice2sign,LIBRAS.EXPRESSOES-IDIOMATICAS.017,expressoes-idiomaticas,Expressões idiomáticas com significado convencional,"Expressões idiomáticas em Libras têm significados convencionais e fixos, que não são derivados da soma dos sinais componentes, e devem ser aprendidas como unidades completas.",expressão idiomática é apresentada como unidade com significado não literal,True,CARA-BATER ; OLHO-PISCAR ; PORTA-NA-CARA ; MANGA-ENROLAR ; QUEIXO-CAIR,Gramática da Libras Vol.1 (INES/Quadros et al.) — Cap.5 Morfologia,354,EXPRESSÕES IDIOMÁTICAS SINALIZADAS GLOSAS E SIGNIFICADOS EM LÍNGUA PORTUGUESA
voice2sign,LIBRAS.EXPRESSOES-IDIOMATICAS.018,expressoes-idiomaticas,Expressões idiomáticas com falsos cognatos,"Algumas expressões em Libras têm forma semelhante a expressões em português, mas significados diferentes, sendo consideradas falsos cognatos.","expressão em Libras tem forma semelhante a expressão em português, mas significado distinto",True,MÃOS LEVES,Gramática da Libras Vol.1 (INES/Quadros et al.) — Cap.5 Morfologia,363,"Em Língua de Sinais brasileira, entretanto, (73) refere-se a intérprete(s) de mãos leves, que sinalizam com grande leveza e suavidade:"
voice2sign,LIBRAS.EXPRESSOES-IDIOMATICAS.019,expressoes-idiomaticas,Expressões idiomáticas com base semântica variável,"Expressões idiomáticas com o mesmo significado podem ter representações diferentes em Libras, mesmo com base semântica semelhante, indicando variação linguística geográfica ou contextual.",Expressão idiomática com significado equivalente em diferentes formas sinalizadas,True,CABEÇA-FECHAR -> Estar de cabeça fechada ; GARGANTA-DESCER-DIFÍCIL -> Engolir seco! Não consigo aceitar essa situação! ; GRANADA-PINO-BOCA SOLTAR -> Quero ver o circo pegar fogo! ; FÓSFORO-RISCAR JOGAR -> Quero ver o circo pegar fogo! ; MÃOS-RECUAR -> Tirar o corpo fora! ; MÃOS-TIRAR -> Me deixe fora disso! ; MÃOS-LIMPAR -> Lavar as mãos.,Gramática da Libras Vol.1 (INES/Quadros et al.) — Cap.5 Morfologia,370,"Assim, é possível encontrar uma expressão idiomática de mesma base semântica com representação semelhante, como no caso de (93’) e (93’’), ilustrados a seguir:"
voice2sign,LIBRAS.CLASSIFICADORES.005,classificadores,Descrição de forma e tamanho com contorno gestual,"O sinalizador utiliza o dedo indicador para descrever o contorno de um objeto, combinando movimento manual com direção do olhar para representar tamanho e forma.","Quando se descreve um objeto com base em sua forma e tamanho, especialmente em contextos narrativos ou descritivos",True,JANELA (contorno com dedo indicador + olhar para cima) ; JANELA (contorno com dedo indicador + olhar para cima e direção ao referente),Gramática da Libras Vol.1 (INES/Quadros et al.) — Cap.5 Morfologia,313,"No terceiro frame, visualiza-se uma descrição do tamanho e da forma da JANELA feita com o dedo indicador do sinalizante, sendo muito recorrente o uso do dedo indicador realizando um contorno dos objetivos descritos."
